CREATE TABLE doctor (
    doctor_id INT PRIMARY KEY,
    name VARCHAR(50),
    first_name VARCHAR(50),
    speciality VARCHAR(50),
    email VARCHAR(100),
    is_intern BOOLEAN
);
INSERT INTO doctor (doctor_id, name, first_name, speciality, email, is_intern) VALUES
(1, 'Phillips', 'Tara', 'Orthopédie', 'julian39@example.com', TRUE),
(2, 'Snyder', 'Samantha', 'Radiologie', 'josephcurtis@example.com', FALSE),
(3, 'Walsh', 'Patricia', 'Psychiatrie', 'jdavis@example.com', FALSE),
(4, 'Joyce', 'Justin', 'Cardiologie', 'davidgordon@example.net', TRUE),
(5, 'Fisher', 'Joshua', 'Dermatologie', 'jcruz@example.org', FALSE),
(6, 'Phillips', 'Karen', 'Radiologie', 'james07@example.com', TRUE),
(7, 'Mueller', 'Elizabeth', 'Psychiatrie', 'elizabeth52@example.org', TRUE),
(8, 'Schultz', 'Mark', 'Orthopédie', 'john54@example.net', FALSE),
(9, 'Mooney', 'Lauren', 'Orthopédie', 'lisa19@example.com', FALSE),
(10, 'Sanchez', 'Gregory', 'Orthopédie', 'elizabeth80@example.org', TRUE),
(11, 'Gilbert', 'Benjamin', 'Cardiologie', 'ysmith@example.com', FALSE),
(12, 'Morales', 'Susan', 'Généraliste', 'susan.morales@example.com', FALSE),
(13, 'Harrison', 'David', 'Dermatologie', 'david.harrison@example.com', FALSE),
(14, 'Hernandez', 'Jessica', 'Pédiatrie', 'jessica.hernandez@example.com', FALSE),
(15, 'Harris', 'Michael', 'Neurologie', 'michael.harris@example.com', TRUE),
(16, 'Carter', 'Emily', 'Cardiologie', 'emily.carter@example.com', TRUE),
(17, 'Roberts', 'Daniel', 'Orthopédie', 'daniel.roberts@example.com', TRUE),
(18, 'Turner', 'Sarah', 'Dermatologie', 'sarah.turner@example.com', TRUE),
(19, 'Phillips', 'James', 'Psychiatrie', 'james.phillips@example.com', TRUE),
(20, 'Campbell', 'Laura', 'Pédiatrie', 'laura.campbell@example.com', FALSE);

CREATE TABLE replacement (
    replacement_id INT PRIMARY KEY,
    replacement_start_date DATE,
    replacement_end_date DATE,
    replacement_reason VARCHAR(100),
    doctor_id_physician INT,
    doctor_id_intern INT,
    FOREIGN KEY (doctor_id_physician) REFERENCES doctor(doctor_id),
    FOREIGN KEY (doctor_id_intern) REFERENCES doctor(doctor_id)
);

INSERT INTO replacement (replacement_id, replacement_start_date, replacement_end_date, replacement_reason, doctor_id_physician, doctor_id_intern) VALUES
(1, '2024-03-05', '2024-03-20', 'Congé ', 2, 1),
(2, '2024-04-10', '2024-04-25', 'Congé maternité', 3, 4),
(3, '2024-05-15', '2024-05-30', 'Congé ', 14, 1),
(4, '2024-06-01', '2024-06-6', 'Congé maladie', 5, 1),
(5, '2024-07-20', '2024-08-05', 'Congé ', 20, 19),
(6, '2024-08-10', '2024-08-25', 'Congé maternité', 7, 17),
(7, '2024-09-15', '2024-09-30', 'Congé maladie', 8, 1),
(8, '2024-10-01', '2024-10-15', 'Congé paternité', 9, 1),
(9, '2024-11-05', '2024-11-20', 'Congé maladie', 14, 1),
(10, '2024-12-10', '2024-12-25', 'Congé ', 11, 10),
(11, '2024-01-15', '2024-01-30', 'Congé ', 5, 18),
(12, '2024-02-20', '2024-03-05', 'Congé ', 13, 1),
(13, '2024-03-10', '2024-03-25', 'Congé ', 14, 6),
(14, '2024-04-15', '2024-04-30', 'Congé maternité', 15,6),
(15, '2024-05-20', '2024-06-04', 'Congé ', 16, 1),
(16, '2024-07-05', '2024-07-20', 'Congé maladie', 17, 1),
(17, '2024-08-25', '2024-09-09', 'Congé ', 18, 1),
(18, '2024-09-15', '2024-09-30', 'Congé maternité', 19, 1),
(19, '2024-10-05', '2024-10-13', 'Congé ', 20, 1),
(20, '2024-11-10', '2024-11-25', 'Congé maladie', 1, 2),
(21, '2024-12-15', '2024-12-30', 'Congé ', 2, 3),
(22, '2024-01-20', '2024-02-04', 'Congé ', 3, 4),
(23, '2024-02-10', '2024-02-25', 'Congé maternité', 4, 5),
(24, '2024-03-15', '2024-03-27', 'Congé ', 5, 6),
(25, '2024-04-20', '2024-05-05', 'Congé maladie', 6, 7),
(26, '2024-05-25', '2024-06-09', 'Congé ', 7, 8),
(27, '2024-07-30', '2024-08-14', 'Congé ', 8, 9),
(28, '2024-08-05', '2024-08-20', 'Congé maternité', 9, 10),
(29, '2024-09-10', '2024-09-12', 'Congé ', 11, 10),
(30, '2024-10-15', '2024-10-30', 'Congé maladie', 11, 10);

CREATE TABLE patient (
    patient_id INT PRIMARY KEY,
    name VARCHAR(50),
    first_name VARCHAR(50),
    birth_date DATE,
    email VARCHAR(100)
);
INSERT INTO patient (patient_id, name, first_name, birth_date, email) VALUES
(1, 'Horton', 'Justin', '1948-08-02', 'tcunningham@example.com'),
(2, 'Coleman', 'Angela', '1939-01-11', 'hollandvictoria@example.com'),
(3, 'Farmer', 'Isaac', '1958-11-18', 'jonesmichael@example.org'),
(4, 'Shaw', 'Christine', '1962-04-06', 'broach@example.org'),
(5, 'Wilson', 'Katherine', '1938-02-28', 'williamharrison@example.org'),
(6, 'Best', 'Christopher', '1977-07-08', 'qgreen@example.org'),
(7, 'Wiggins', 'Kyle', '1969-10-03', 'jeffrey48@example.org'),
(8, 'Murray', 'Jeffrey', '2023-10-15', 'charlespetty@example.net'),
(9, 'Johnston', 'Vanessa', '2007-11-20', 'roseerin@example.com'),
(10, 'Torres', 'Kevin', '1996-04-26', 'jonesparker@example.com'),
(11, 'Shields', 'Steve', '1989-01-16', 'hjohnson@example.org'),
(12, 'Bright', 'Sharon', '1975-05-12', 'browndustin@example.net'),
(13, 'Harris', 'Megan', '1982-09-30', 'harrisjames@example.com'),
(14, 'Hernandez', 'Emily', '1990-12-01', 'emily.hernandez@example.com'),
(15, 'Harrison', 'David', '1978-03-14', 'david.harrison@example.com'),
(16, 'Carter', 'Laura', '1965-07-22', 'laura.carter@example.com'),
(17, 'Roberts', 'Daniel', '1985-11-11', 'daniel.roberts@example.com'),
(18, 'Turner', 'Sarah', '1993-06-18', 'sarah.turner@example.com'),
(19, 'Phillips', 'James', '2000-02-25', 'james.phillips@example.com'),
(20, 'Campbell', 'Jessica', '1988-04-10', 'jessica.campbell@example.com'),
(21, 'Evans', 'Jason', '2000-08-22', 'mcastaneda@example.com'),
(22, 'Sandoval', 'Bradley', '1925-07-25', 'haleywilliams@example.net'),
(23, 'Clark', 'Timothy', '1979-07-06', 'mhines@example.net'),
(24, 'Allen', 'David', '2004-12-10', 'daltonseth@example.net'),
(25, 'Romero', 'Joshua', '1963-02-04', 'marie26@example.net'),
(26, 'Garrett', 'Daniel', '2000-04-24', 'holmesarthur@example.org'),
(27, 'Sampson', 'Diana', '2013-01-27', 'ishaw@example.com'),
(28, 'Cunningham', 'Christopher', '1987-11-11', 'donnawhitehead@example.com'),
(29, 'Jones', 'Brett', '1969-08-13', 'silvawilliam@example.net'),
(30, 'Harrison', 'Wesley', '1996-12-06', 'william77@example.net'),
(31, 'Harris', 'Walter', '1936-08-08', 'leonwood@example.net'),
(32, 'Johnson', 'Carmen', '1985-05-30', 'stevenjones@example.com'),
(33, 'Morris', 'Angela', '1972-03-15', 'angela.morris@example.com'),
(34, 'Hernandez', 'Frank', '1990-09-22', 'frank.hernandez@example.com'),
(35, 'Harris', 'Megan', '1981-06-18', 'megan.harris@example.com'),
(36, 'Harrison', 'Diana', '1975-11-30', 'diana.harrison@example.com'),
(37, 'Hernandez', 'Matthew', '1968-02-14', 'matthew.hernandez@example.com'),
(38, 'Harris', 'Jessica', '1993-04-05', 'jessica.harris@example.com'),
(39, 'Miller', 'Robert', '1980-12-12', 'robert.miller@example.com'),
(40, 'Garcia', 'Laura', '1995-07-20', 'laura.garcia@example.com'),
(41, 'Sampson', 'Diana', '2013-01-27', 'ishaw@example.com');

CREATE TABLE appointment (
    appointment_id INT PRIMARY KEY,
    doctor_id INT,
    patient_id INT,
    appointment_date DATE,
    appointment_time TIME,
    notes VARCHAR(255),
    FOREIGN KEY (doctor_id) REFERENCES doctor(doctor_id),
    FOREIGN KEY (patient_id) REFERENCES patient(patient_id)
);
INSERT INTO appointment (appointment_id, doctor_id, patient_id, appointment_date, appointment_time, notes) VALUES
(1, 1, 21, '2024-11-15', '09:00:00', 'Initial consultation for knee pain.'),
(2, 2, 22, '2024-11-16', '10:30:00', 'Follow-up on radiology results.'),
(3, 3, 23, '2024-11-17', '11:00:00', 'Psychiatric evaluation.'),
(4, 4, 24, '2024-11-18', '14:00:00', 'Cardiology check-up.'),
(5, 5, 25, '2024-11-19', '15:30:00', 'Skin rash examination.'),
(6, 6, 26, '2024-11-20', '09:15:00', 'Review of radiology images.'),
(7, 7, 27, '2024-11-21', '13:00:00', 'Psychiatric therapy session.'),
(8, 8, 28, '2024-11-22', '11:45:00', 'Orthopedic assessment for shoulder pain.'),
(9, 9, 29, '2024-11-23', '10:00:00', 'Routine check-up.'),
(10, 10, 30, '2024-11-24', '14:30:00', 'Pediatric consultation for growth issues.'),
(11, 11, 31, '2024-11-25', '09:30:00', 'Cardiology follow-up.'),
(12, 12, 32, '2024-11-26', '10:00:00', 'General health check.'),
(13, 13, 33, '2024-11-27', '11:00:00', 'Dermatology consultation for acne.'),
(14, 14, 34, '2024-11-28', '15:00:00', 'Pediatric vaccination.'),
(15, 15, 35, '2024-11-29', '09:00:00', 'Neurology assessment for headaches.'),
(16, 16, 36, '2024-11-30', '10:30:00', 'Cardiology stress test.'),
(17, 17, 37, '2024-12-01', '11:00:00', 'Orthopedic follow-up.'),
(18, 18, 38, '2024-12-02', '14:00:00', 'Dermatology follow-up for skin condition.'),
(19, 19, 39, '2024-12-03', '15:30:00', 'Psychiatric therapy session.'),
(20, 20, 40, '2024-12-04', '09:15:00', 'Routine pediatric check-up.'),
(21, 1, 1, '2024-12-15', '09:00:00', 'Initial consultation for back pain.'),
(22, 2, 2, '2024-12-16', '10:30:00', 'Follow-up on imaging results.'),
(23, 3, 3, '2024-12-17', '11:00:00', 'Psychiatric evaluation for anxiety.'),
(24, 4, 4, '2024-12-18', '14:00:00', 'Cardiology check-up for hypertension.'),
(25, 5, 5, '2024-12-19', '15:30:00', 'Skin examination for rashes.'),
(26, 6, 6, '2024-12-20', '09:15:00', 'Review of previous treatment.'),
(27, 7, 7, '2024-12-21', '13:00:00', 'Therapy session for depression.'),
(28, 8, 8, '2024-12-22', '11:45:00', 'Orthopedic assessment for joint pain.'),
(29, 9, 9, '2024-12-23', '10:00:00', 'Routine health check-up.'),
(30, 10, 10, '2024-12-24', '14:30:00', 'Pediatric consultation for growth issues.'),
(31, 11, 11, '2024-12-25', '09:30:00', 'Cardiology follow-up appointment.'),
(32, 12, 12, '2024-12-26', '10:00:00', 'General health assessment.'),
(33, 13, 13, '2024-12-27', '11:00:00', 'Dermatology consultation for eczema.'),
(34, 14, 14, '2024-12-28', '15:00:00', 'Pediatric vaccination appointment.'),
(35, 15, 15, '2024-12-29', '09:00:00', 'Neurology assessment for migraines.'),
(36, 16, 16, '2024-12-30', '10:30:00', 'Cardiology stress test.'),
(37, 17, 17, '2024-12-31', '11:00:00', 'Orthopedic follow-up for surgery.'),
(38, 18, 18, '2024-01-01', '14:00:00', 'Dermatology follow-up for skin condition.'),
(39, 19, 19, '2024-01-02', '15:30:00', 'Psychiatric therapy session.'),
(40, 20, 20, '2024-01-03', '09:15:00', 'Routine pediatric check-up.'),
(41,5  ,36,'2024-12-30','10:30:00','Cardiology stress test.'),
(42,6  ,37,'2024-12-31','11:00:00','Orthopedic follow-up for surgery.'),
(43,7  ,38,'2024-01-01','14:00:00','Dermatology follow-up for skin condition.'),
(44,8  ,39,'2024-01-02','15:30:00','Psychiatric therapy session.'),
(45,9  ,40,'2024-01-03','09:15:00','Routine pediatric check-up.'),
(46,10  ,1,'2024-01-04','09:00:00','Initial consultation for back pain.'),
(47,11  ,2,'2024-01-05','10:30:00','Follow-up on imaging results.'),
(48,12  ,3,'2024-01-06','11:00:00','Psychiatric evaluation for anxiety.'),
(49,13  ,4,'2024-01-07','14:00:00','Cardiology check-up for hypertension.'),
(50,14  ,5,'2024-01-08','15:30:00','Skin examination for rashes.'),
(51,15  ,6,'2024-01-09','09:15:00','Review of previous treatment.'),
(52,16  ,7,'2024-01-10','13:00:00','Therapy session for depression.'),
(53,17  ,8,'2024-01-11','11:45:00','Orthopedic assessment for joint pain.'),
(54,18  ,9,'2024-01-12','10:00:00','Routine health check-up.'),
(55,19  ,10,'2024-01-13','14:30:00','Pediatric consultation for growth issues.'),
(56,20  ,11,'2024-01-14','09:30:00','Cardiology follow-up appointment.'),
(57,1  ,12,'2024-01-15','10:00:00','General health assessment.'),
(58,2 ,13,'2024-01-16','11:00:00','Dermatology consultation for eczema.'),
(59,5 ,14,'2024-01-17','15:00:00','Pediatric vaccination appointment.'),
(60,6 ,15,'2024-01-18','09:00:00','Neurology assessment for migraines.'),
(61,7,16,'2024-01-19','10:30:00','Cardiology stress test.'),
(62,8,17,'2024-01-20','11:00:00','Orthopedic follow-up for surgery.'),
(63,9,18,'2024-01-21','14:00:00','Dermatology follow-up for skin condition.'),
(64,10,19,'2024-01-22','15:30:00','Psychiatric therapy session.'),
(65,11,20,'2024-01-23','09:15:00','Routine pediatric check-up.'),
(66,12,1,'2024-01-24','09:00:00','Initial consultation for back pain.'),
(67,13,2,'2024-01-25','10:30:00','Follow-up on imaging results.'),
(68,14,3,'2024-01-26','11:00:00','Psychiatric evaluation for anxiety.'),
(69,15,4,'2024-01-27','14:00:00','Cardiology check-up for hypertension.'),
(70,16,5,'2024-01-28','15:30:00','Skin examination for rashes.'),
(71,17,6,'2024-01-29','09:15:00','Review of previous treatment.'),
(72,18,7,'2024-01-30','13:00:00','Therapy session for depression.'),
(73,19,8,'2024-01-31','11:45:00','Orthopedic assessment for joint pain.'),
(74,20,9,'2024-02-01','10:00:00','Routine health check-up.'),
(75,1,10,'2024-02-02','14:30:00','Pediatric consultation for growth issues.'),
(76,2,11,'2024-02-03','09:30:00','Cardiology follow-up appointment.'),
(77,5,12,'2024-02-04','10:00:00','General health assessment.'),
(78,6,13,'2024-02-05','11:00:00','Dermatology consultation for eczema.'),
(79,7,14,'2024-02-06','15:00:00','Pediatric vaccination appointment.'),
(80,8,15,'2024-02-07','09:00:00','Neurology assessment for migraines.'),
(81,9,16,'2024-02-08','10:30:00','Cardiology stress test.'),
(82,10,17,'2024-02-09','11:00:00','Orthopedic follow-up for surgery.'),
(83,11,18,'2024-02-10','14:00:00','Dermatology follow-up for skin condition.'),
(84,12,19,'2024-02-11','15:30:00','Psychiatric therapy session.'),
(85,13,20,'2024-02-12','09:15:00','Routine pediatric check-up.'),
(86,14,1,'2024-02-13','09:00:00','Initial consultation for back pain.'),
(87,15,32,'2024-02-14','10:30:00','Follow-up on imaging results.'),
(88,10,3,'2024-02-15','11:00:00','Psychiatric evaluation for anxiety.'),
(89,17,4,'2024-02-16','14:00:00','Cardiology check-up for hypertension.'),
(90,18,5,'2024-02-17','15:30:00','Skin examination for rashes.'),
(91,19,28,'2024-02-18','09:15:00','Review of previous treatment.'),
(92,20,7,'2024-02-19','13:00:00','Therapy session for depression.'),
(93,1,8,'2024-02-20','11:45:00','Orthopedic assessment for joint pain.'),
(94,2,9,'2024-02-21','10:00:00','Routine health check-up.'),
(95,5,10,'2024-02-22','14:30:00','Pediatric consultation for growth issues.'),
(96,6,11,'2024-02-23','09:30:00','Cardiology follow-up appointment.'),
(97,7,12,'2024-02-24','10:00:00','General health assessment.'),
(98,8,13,'2024-02-25','11:00:00','Dermatology consultation for eczema.'),
(99,9,14,'2024-02-26','15:00:00','Pediatric vaccination appointment.'),
(100,10,15,'2024-02-27','09:00:00','Neurology assessment for migraines.'),
(101,11,16,'2024-02-28','10:30:00','Cardiology stress test.'),
(102,12,17,'2024-02-29','11:00:00','Orthopedic follow-up for surgery.'),
(103,13,18,'2024-03-01','14:00:00','Dermatology follow-up for skin condition.'),
(104,14,19,'2024-03-02','15:30:00','Psychiatric therapy session.'),
(105,15,20,'2024-03-03','09:15:00','Routine pediatric check-up.'),
(106,16,1,'2024-03-04','09:00:00','Initial consultation for back pain.'),
(107,17,2,'2024-03-05','10:30:00','Follow-up on imaging results.'),
(108,18,40,'2024-03-06','11:00:00','Psychiatric evaluation for anxiety.'),
(109,19,4,'2024-03-07','14:00:00','Cardiology check-up for hypertension.'),
(110,20,35,'2024-03-08','15:30:00','Skin examination for rashes.'),
(111,1,6,'2024-03-09','09:15:00','Review of previous treatment.'),
(112,2,7,'2024-03-10','13:00:00','Therapy session for depression.'),
(113,5,8,'2024-03-11','11:45:00','Orthopedic assessment for joint pain.'),
(114,6,9,'2023-05-12','10:00:00','Routine health check-up.'),
(115,7,30,'2023-05-13','14:30:00','Pediatric consultation for growth issues.'),
(116,8,11,'2023-05-14','09:30:00','Cardiology follow-up appointment.'),
(117,9,2,'2023-05-15','10:00:00','General health assessment.'),
(118,10,13,'2023-05-16','11:00:00','Dermatology consultation for eczema.'),
(119,11,14,'2023-05-17','15:00:00','Pediatric vaccination appointment.'),
(120,12,15,'2023-05-18','09:00:00','Neurology assessment for migraines.'),
(121,13,16,'2023-05-19','10:30:00','Cardiology stress test.'),
(122,14,37,'2023-05-20','11:00:00','Orthopedic follow-up for surgery.'),
(123,15,18,'2023-05-21','14:00:00','Dermatology follow-up for skin condition.'),
(124,16,19,'2023-05-22','15:30:00','Psychiatric therapy session.'),
(125,17,20,'2023-05-23','09:15:00','Routine pediatric check-up.'),
(126,18,1,'2023-05-24','09:00:00','Initial consultation for back pain.'),
(127,19,2,'2023-05-25','10:30:00','Follow-up on imaging results.'),
(128,20,3,'2023-05-26','11:00:00','Psychiatric evaluation for anxiety.'),
(129,1,4,'2023-05-27','14:00:00','Cardiology check-up for hypertension.'),
(130,2,5,'2023-05-28','15:30:00','Skin examination for rashes.'),
(131,5,6,'2023-05-29','09:15:00','Review of previous treatment.'),
(132,6,7,'2023-05-30','13:00:00','Therapy session for depression.'),
(133,7,8,'2023-08-31','11:45:00','Orthopedic assessment for joint pain.'),
(134,8,9,'2023-09-01','10:00:00','Routine health check-up.'),
(135,9,10,'2023-09-02','14:30:00','Pediatric consultation for growth issues.'),
(136,10,11,'2023-09-03','09:30:00','Cardiology follow-up appointment.'),
(137,11,32,'2023-09-04','10:00:00','General health assessment.'),
(138,12,13,'2023-09-05','11:00:00','Dermatology consultation for eczema.'),
(139,13,14,'2023-09-06','15:00:00','Pediatric vaccination appointment.'),
(140,14,15,'2023-09-07','09:00:00','Neurology assessment for migraines.'),
(141,15,27,'2023-09-08','10:30:00','Cardiology stress test.'),
(142,16,17,'2023-09-09','11:00:00','Orthopedic follow-up for surgery.'),
(143,17,18,'2023-09-10','14:00:00','Dermatology follow-up for skin condition.'),
(144,18,19,'2023-09-11','15:30:00','Psychiatric therapy session.'),
(145,19,20,'2023-09-12','09:15:00','Routine pediatric check-up.'),
(146,20,1,'2023-09-13','09:00:00','Initial consultation for back pain.'),
(147,1,2,'2023-09-14','10:30:00','Follow-up on imaging results.'),
(148,2,3,'2023-09-15','11:00:00','Psychiatric evaluation for anxiety.'),
(149,5,4,'2023-09-16','14:00:00','Cardiology check-up for hypertension.'),
(150,6,5,'2023-09-17','15:30:00','Skin examination for rashes.'),
(151,7,6,'2023-09-18','09:15:00','Review of previous treatment.');
