id,production_line_id,production_rate,day
1,1,0.8467856263289123,2024-12-08
2,1,0.7097041995648256,2024-12-09
3,1,0.7404241632032496,2024-12-10
4,1,0.9747422402593939,2024-12-11
5,1,0.8161786274769822,2024-12-12
6,1,0.7831655072268113,2024-12-13
7,1,0.7918753283579667,2024-12-14
8,1,0.7392116298095521,2024-12-15
9,1,0.6146429701258527,2024-12-16
10,1,0.7732454918055182,2024-12-17
11,1,0.6178082761414663,2024-12-18
12,1,0.7960322796274916,2024-12-19
13,1,0.7954614644645567,2024-12-20
14,1,0.6807476812529583,2024-12-21
15,1,0.9975578301506505,2024-12-22
16,1,0.7117692282757214,2024-12-23
17,1,0.8195546489149166,2024-12-24
18,1,0.6460236391607534,2024-12-25
19,1,0.939189230871259,2024-12-26
20,1,0.7612156652089491,2024-12-27
21,1,0.777264310327966,2024-12-28
22,1,0.6692627016943595,2024-12-29
23,1,0.9523591725999917,2024-12-30
24,1,0.7375544366553471,2024-12-31
25,1,0.7316451433777509,2025-01-01
26,1,0.9975492901115485,2025-01-02
27,1,0.9548701535932653,2025-01-03
28,1,0.7686400105697228,2025-01-04
29,1,0.7313620617579345,2025-01-05
30,1,0.6750411749815226,2025-01-06
31,2,0.6628385350912139,2024-12-08
32,2,0.6254921406154342,2024-12-09
33,2,0.9612526151810922,2024-12-10
34,2,0.9018276821089858,2024-12-11
35,2,0.8344562051266589,2024-12-12
36,2,0.6533225480371377,2024-12-13
37,2,0.9081011997816927,2024-12-14
38,2,0.7201684131988111,2024-12-15
39,2,0.7932047547322855,2024-12-16
40,2,0.8984052621683922,2024-12-17
41,2,0.9048178726007325,2024-12-18
42,2,0.7357861996047691,2024-12-19
43,2,0.9749827244357409,2024-12-20
44,2,0.6822268380778267,2024-12-21
45,2,0.6979511243785557,2024-12-22
46,2,0.7518033624227909,2024-12-23
47,2,0.953488169256472,2024-12-24
48,2,0.8581660671862035,2024-12-25
49,2,0.8651095794338133,2024-12-26
50,2,0.7355496420701813,2024-12-27
51,2,0.9517542745976648,2024-12-28
52,2,0.7909006516756698,2024-12-29
53,2,0.6808942305393907,2024-12-30
54,2,0.6250229836326531,2024-12-31
55,2,0.9871264951756109,2025-01-01
56,2,0.670875513465923,2025-01-02
57,2,0.6408187952132752,2025-01-03
58,2,0.9917087086257909,2025-01-04
59,2,0.7655717654547142,2025-01-05
60,2,0.6521559938405669,2025-01-06
61,3,0.6022544459992093,2024-12-08
62,3,0.9560654475002496,2024-12-09
63,3,0.6291709538879491,2024-12-10
64,3,0.9608206465384219,2024-12-11
65,3,0.6134126252948015,2024-12-12
66,3,0.8416214269071653,2024-12-13
67,3,0.7199478775307586,2024-12-14
68,3,0.6420165795120798,2024-12-15
69,3,0.679875083813072,2024-12-16
70,3,0.8918225645308013,2024-12-17
71,3,0.7231818374746166,2024-12-18
72,3,0.9979344105629456,2024-12-19
73,3,0.6307200177082065,2024-12-20
74,3,0.7659299258942837,2024-12-21
75,3,0.9647999708784228,2024-12-22
76,3,0.7885171463342584,2024-12-23
77,3,0.6174848680591031,2024-12-24
78,3,0.7037397182521916,2024-12-25
79,3,0.967593491820972,2024-12-26
80,3,0.7626601022423358,2024-12-27
81,3,0.8758001101952986,2024-12-28
82,3,0.8874662576497816,2024-12-29
83,3,0.6653450562336645,2024-12-30
84,3,0.8731693283467277,2024-12-31
85,3,0.8649568013820308,2025-01-01
86,3,0.8483577750514697,2025-01-02
87,3,0.7757139404358504,2025-01-03
88,3,0.8064302281111301,2025-01-04
89,3,0.6876922431791584,2025-01-05
90,3,0.6710126885427435,2025-01-06
91,4,0.8542365426204128,2024-12-08
92,4,0.87206961439139,2024-12-09
93,4,0.7538415999520185,2024-12-10
94,4,0.8207000261274106,2024-12-11
95,4,0.659787073623194,2024-12-12
96,4,0.8931747556862413,2024-12-13
97,4,0.6047374611898725,2024-12-14
98,4,0.6107824326576061,2024-12-15
99,4,0.9738119798524317,2024-12-16
100,4,0.6451428224679496,2024-12-17
101,4,0.9510124836916498,2024-12-18
102,4,0.7395211789507081,2024-12-19
103,4,0.9506527868058565,2024-12-20
104,4,0.6815477322427812,2024-12-21
105,4,0.9105452491931291,2024-12-22
106,4,0.9740588690980193,2024-12-23
107,4,0.7666933475102368,2024-12-24
108,4,0.6412316877224663,2024-12-25
109,4,0.9569672350150777,2024-12-26
110,4,0.6408202954713555,2024-12-27
111,4,0.6445950700268291,2024-12-28
112,4,0.8650190712597609,2024-12-29
113,4,0.8449272430923516,2024-12-30
114,4,0.8617741836000987,2024-12-31
115,4,0.8582820492601111,2025-01-01
116,4,0.640942941867064,2025-01-02
117,4,0.7863250310274964,2025-01-03
118,4,0.8043000614882587,2025-01-04
119,4,0.7441378634284737,2025-01-05
120,4,0.942215396519968,2025-01-06
121,5,0.6729576120015569,2024-12-08
122,5,0.8127556758373036,2024-12-09
123,5,0.8783580372536394,2024-12-10
124,5,0.8073403903699191,2024-12-11
125,5,0.6210230076313702,2024-12-12
126,5,0.7764303422261465,2024-12-13
127,5,0.78860725370748,2024-12-14
128,5,0.9391452070206374,2024-12-15
129,5,0.9451000865789378,2024-12-16
130,5,0.8809671398728617,2024-12-17
131,5,0.6820521010800914,2024-12-18
132,5,0.7115780091261389,2024-12-19
133,5,0.9835453427181925,2024-12-20
134,5,0.8388047479617537,2024-12-21
135,5,0.8033458465104786,2024-12-22
136,5,0.6465443193206825,2024-12-23
137,5,0.679406800487723,2024-12-24
138,5,0.6149276134326201,2024-12-25
139,5,0.9709374372555403,2024-12-26
140,5,0.8822233767719942,2024-12-27
141,5,0.8083289774342519,2024-12-28
142,5,0.7258750165455545,2024-12-29
143,5,0.8406955843085945,2024-12-30
144,5,0.6443467959269258,2024-12-31
145,5,0.7688912908791886,2025-01-01
146,5,0.7250999854037474,2025-01-02
147,5,0.7936846601856491,2025-01-03
148,5,0.6962497111174253,2025-01-04
149,5,0.7334704828113647,2025-01-05
150,5,0.829848955420328,2025-01-06
151,6,0.8486440989501953,2024-12-08
152,6,0.6804851237560863,2024-12-09
153,6,0.9082801187310511,2024-12-10
154,6,0.9392011231589005,2024-12-11
155,6,0.9702231740248238,2024-12-12
156,6,0.6905608211410171,2024-12-13
157,6,0.8436541418617824,2024-12-14
158,6,0.7637171589071657,2024-12-15
159,6,0.8889904256040816,2024-12-16
160,6,0.6184130538737634,2024-12-17
161,6,0.9096247633815342,2024-12-18
162,6,0.6224883479348141,2024-12-19
163,6,0.9118179885198158,2024-12-20
164,6,0.6687550709670028,2024-12-21
165,6,0.9750713583129539,2024-12-22
166,6,0.6672123197412398,2024-12-23
167,6,0.9686260006359614,2024-12-24
168,6,0.9587098952627556,2024-12-25
169,6,0.7392847530902312,2024-12-26
170,6,0.6858998581770324,2024-12-27
171,6,0.8388645368947895,2024-12-28
172,6,0.753196191158891,2024-12-29
173,6,0.6644978456028934,2024-12-30
174,6,0.6506859757328213,2024-12-31
175,6,0.9543364601471832,2025-01-01
176,6,0.9302887154801832,2025-01-02
177,6,0.6060794316343044,2025-01-03
178,6,0.8724332410933268,2025-01-04
179,6,0.9204203814621168,2025-01-05
180,6,0.8218337257083347,2025-01-06
181,7,0.8962365508147958,2024-12-08
182,7,0.8879770642280256,2024-12-09
183,7,0.874161364733848,2024-12-10
184,7,0.6738413388628729,2024-12-11
185,7,0.9590909744615522,2024-12-12
186,7,0.709660733982375,2024-12-13
187,7,0.8548238930711947,2024-12-14
188,7,0.6669975851756412,2024-12-15
189,7,0.7251766288876865,2024-12-16
190,7,0.7722862483802125,2024-12-17
191,7,0.7033673157020531,2024-12-18
192,7,0.8480381902012916,2024-12-19
193,7,0.7313687929298465,2024-12-20
194,7,0.7907732058445555,2024-12-21
195,7,0.8400353632659956,2024-12-22
196,7,0.8102401052169614,2024-12-23
197,7,0.7998101972294547,2024-12-24
198,7,0.8487325557090536,2024-12-25
199,7,0.776116651599009,2024-12-26
200,7,0.8270367668824596,2024-12-27
201,7,0.9093837073432318,2024-12-28
202,7,0.7171795134724648,2024-12-29
203,7,0.924106241631206,2024-12-30
204,7,0.6902197655448965,2024-12-31
205,7,0.6515122841868743,2025-01-01
206,7,0.7426598373468687,2025-01-02
207,7,0.7663033442954578,2025-01-03
208,7,0.9516872262772869,2025-01-04
209,7,0.6439200276519271,2025-01-05
210,7,0.7195745760527753,2025-01-06
211,8,0.604411284575454,2024-12-08
212,8,0.8978833287337527,2024-12-09
213,8,0.6528332530679375,2024-12-10
214,8,0.8615321040001176,2024-12-11
215,8,0.7432307268306221,2024-12-12
216,8,0.7947085686016208,2024-12-13
217,8,0.8255651944816763,2024-12-14
218,8,0.7883037184160782,2024-12-15
219,8,0.8684840146228519,2024-12-16
220,8,0.6240373508856402,2024-12-17
221,8,0.7611317994455742,2024-12-18
222,8,0.680830747315096,2024-12-19
223,8,0.6656309766707491,2024-12-20
224,8,0.7366402862126126,2024-12-21
225,8,0.6576075156502679,2024-12-22
226,8,0.8372792690023181,2024-12-23
227,8,0.9493330499200852,2024-12-24
228,8,0.6973775739911882,2024-12-25
229,8,0.8951641471691186,2024-12-26
230,8,0.9431009986666771,2024-12-27
231,8,0.6735605253038243,2024-12-28
232,8,0.8405091826329409,2024-12-29
233,8,0.8819188438179435,2024-12-30
234,8,0.7649261295697634,2024-12-31
235,8,0.766827398762665,2025-01-01
236,8,0.6284994111737241,2025-01-02
237,8,0.7340046059703677,2025-01-03
238,8,0.8343128936582155,2025-01-04
239,8,0.8027068911018418,2025-01-05
240,8,0.8128752554653571,2025-01-06
241,9,0.8666327896628971,2024-12-08
242,9,0.8875331952305912,2024-12-09
243,9,0.8683045242796199,2024-12-10
244,9,0.6306544219550357,2024-12-11
245,9,0.6334778317300759,2024-12-12
246,9,0.8923738974986435,2024-12-13
247,9,0.8869291552930733,2024-12-14
248,9,0.656486991403563,2024-12-15
249,9,0.9151345793310849,2024-12-16
250,9,0.84814014962539,2024-12-17
251,9,0.7993617379381939,2024-12-18
252,9,0.6691126254708001,2024-12-19
253,9,0.6291060630871848,2024-12-20
254,9,0.9459822188481393,2024-12-21
255,9,0.6103066772017417,2024-12-22
256,9,0.8254816198763626,2024-12-23
257,9,0.660241865548217,2024-12-24
258,9,0.7831333747792346,2024-12-25
259,9,0.7074341812456387,2024-12-26
260,9,0.7485480380900936,2024-12-27
261,9,0.7567888759543749,2024-12-28
262,9,0.6590269155147263,2024-12-29
263,9,0.604203110975367,2024-12-30
264,9,0.7046946441046227,2024-12-31
265,9,0.7192164732663432,2025-01-01
266,9,0.910412298030838,2025-01-02
267,9,0.8301687356759884,2025-01-03
268,9,0.9380048172421616,2025-01-04
269,9,0.9547683822248321,2025-01-05
270,9,0.6644675607201599,2025-01-06
271,10,0.7428604487501033,2024-12-08
272,10,0.9513525352021475,2024-12-09
273,10,0.9503044334640692,2024-12-10
274,10,0.7027065567361037,2024-12-11
275,10,0.9599145729516766,2024-12-12
276,10,0.7340858261702367,2024-12-13
277,10,0.7524838696050066,2024-12-14
278,10,0.6144754709526697,2024-12-15
279,10,0.73037624439064,2024-12-16
280,10,0.7126464913870244,2024-12-17
281,10,0.8628912986576192,2024-12-18
282,10,0.7298665875049238,2024-12-19
283,10,0.6604633547549612,2024-12-20
284,10,0.8792066749543518,2024-12-21
285,10,0.7080707442903,2024-12-22
286,10,0.9832973049321871,2024-12-23
287,10,0.8454071200523067,2024-12-24
288,10,0.7691243226593264,2024-12-25
289,10,0.7937938969872532,2024-12-26
290,10,0.9455438796945368,2024-12-27
291,10,0.6759436919393836,2024-12-28
292,10,0.7097909216720983,2024-12-29
293,10,0.9062213372097615,2024-12-30
294,10,0.8065244572741355,2024-12-31
295,10,0.8098713769598186,2025-01-01
296,10,0.9820318776859289,2025-01-02
297,10,0.9988965449157718,2025-01-03
298,10,0.7966523902570897,2025-01-04
299,10,0.9777937746331347,2025-01-05
300,10,0.7066866949958737,2025-01-06
301,11,0.9980028954561624,2024-12-08
302,11,0.6965083739186104,2024-12-09
303,11,0.8782763447483195,2024-12-10
304,11,0.8810110680473544,2024-12-11
305,11,0.6441283038799724,2024-12-12
306,11,0.9921474904010655,2024-12-13
307,11,0.8937663532598825,2024-12-14
308,11,0.799116065337753,2024-12-15
309,11,0.8311356772317842,2024-12-16
310,11,0.9308302372881891,2024-12-17
311,11,0.7922731791675799,2024-12-18
312,11,0.8704200083778211,2024-12-19
313,11,0.7900564215412138,2024-12-20
314,11,0.6018692090677028,2024-12-21
315,11,0.6017421428850411,2024-12-22
316,11,0.7761697829102335,2024-12-23
317,11,0.7514788581484312,2024-12-24
318,11,0.7766789695948235,2024-12-25
319,11,0.7527834151706326,2024-12-26
320,11,0.9600710082436177,2024-12-27
321,11,0.7669751640813159,2024-12-28
322,11,0.950940439529516,2024-12-29
323,11,0.6274526859930724,2024-12-30
324,11,0.8130183279158288,2024-12-31
325,11,0.9546130057541256,2025-01-01
326,11,0.8188079181084887,2025-01-02
327,11,0.9352254160566688,2025-01-03
328,11,0.7085860846141843,2025-01-04
329,11,0.8416550620724942,2025-01-05
330,11,0.8439846240679343,2025-01-06
331,12,0.8802111151224395,2024-12-08
332,12,0.609213033125716,2024-12-09
333,12,0.9273832727971787,2024-12-10
334,12,0.9018702877719661,2024-12-11
335,12,0.9096067191663254,2024-12-12
336,12,0.6048778139540502,2024-12-13
337,12,0.957515790999771,2024-12-14
338,12,0.7487444401441213,2024-12-15
339,12,0.9903679971587156,2024-12-16
340,12,0.7540330860207372,2024-12-17
341,12,0.7055096587975715,2024-12-18
342,12,0.9737380855300317,2024-12-19
343,12,0.6353407225183768,2024-12-20
344,12,0.6900975839465922,2024-12-21
345,12,0.6610330300661373,2024-12-22
346,12,0.9675250834489173,2024-12-23
347,12,0.6943546540772989,2024-12-24
348,12,0.7709608085238856,2024-12-25
349,12,0.9657662249116793,2024-12-26
350,12,0.9424712538958061,2024-12-27
351,12,0.7867929069284707,2024-12-28
352,12,0.8799126749708848,2024-12-29
353,12,0.6376334783638494,2024-12-30
354,12,0.6980437847249275,2024-12-31
355,12,0.6213657526398837,2025-01-01
356,12,0.9050469759889888,2025-01-02
357,12,0.8563835326180106,2025-01-03
358,12,0.9646395479757701,2025-01-04
359,12,0.9625664539868061,2025-01-05
360,12,0.8595018966701524,2025-01-06
361,13,0.941891959126087,2024-12-08
362,13,0.8845439951389955,2024-12-09
363,13,0.7873284889270569,2024-12-10
364,13,0.6765034350789776,2024-12-11
365,13,0.8096285970568955,2024-12-12
366,13,0.6540168603082691,2024-12-13
367,13,0.9773856145103987,2024-12-14
368,13,0.971485585792494,2024-12-15
369,13,0.8545083118469621,2024-12-16
370,13,0.9617647566617878,2024-12-17
371,13,0.9677365639646799,2024-12-18
372,13,0.723639786336653,2024-12-19
373,13,0.8375645057457611,2024-12-20
374,13,0.9159645668931006,2024-12-21
375,13,0.6273903181464566,2024-12-22
376,13,0.659441967934982,2024-12-23
377,13,0.9326239949086526,2024-12-24
378,13,0.703033738644765,2024-12-25
379,13,0.8400666010519188,2024-12-26
380,13,0.9573638128586057,2024-12-27
381,13,0.8501309988527117,2024-12-28
382,13,0.736015035300434,2024-12-29
383,13,0.6480783463245853,2024-12-30
384,13,0.855713614235462,2024-12-31
385,13,0.8028593661977094,2025-01-01
386,13,0.8081229743017214,2025-01-02
387,13,0.6791990582637141,2025-01-03
388,13,0.680573888400948,2025-01-04
389,13,0.6355257076624555,2025-01-05
390,13,0.9795479428650326,2025-01-06
391,14,0.9326488800801539,2024-12-08
392,14,0.6914284881638013,2024-12-09
393,14,0.8925395585074242,2024-12-10
394,14,0.7142859072035602,2024-12-11
395,14,0.6661185315920021,2024-12-12
396,14,0.8046101461053063,2024-12-13
397,14,0.7039742380589572,2024-12-14
398,14,0.8137426113228423,2024-12-15
399,14,0.698739622318539,2024-12-16
400,14,0.9119076960598311,2024-12-17
401,14,0.9409357290125109,2024-12-18
402,14,0.8292745423744095,2024-12-19
403,14,0.827813094723028,2024-12-20
404,14,0.9226719778526441,2024-12-21
405,14,0.8701854317052029,2024-12-22
406,14,0.9152608377383538,2024-12-23
407,14,0.744314360639822,2024-12-24
408,14,0.9007996290992387,2024-12-25
409,14,0.791746393432406,2024-12-26
410,14,0.7772526678699339,2024-12-27
411,14,0.8738162206458442,2024-12-28
412,14,0.8619901487795332,2024-12-29
413,14,0.9395598600037597,2024-12-30
414,14,0.8168971639175386,2024-12-31
415,14,0.9876972195439604,2025-01-01
416,14,0.8514433400877179,2025-01-02
417,14,0.9389022260556804,2025-01-03
418,14,0.8940927313612361,2025-01-04
419,14,0.6651415502982956,2025-01-05
420,14,0.8962355329190084,2025-01-06
421,15,0.8766700333291166,2024-12-08
422,15,0.7460988377462875,2024-12-09
423,15,0.9713066910900648,2024-12-10
424,15,0.9374822139160031,2024-12-11
425,15,0.9416001585552702,2024-12-12
426,15,0.9174092711596284,2024-12-13
427,15,0.7328553444071845,2024-12-14
428,15,0.8632202902441085,2024-12-15
429,15,0.834319858166596,2024-12-16
430,15,0.8603680105364304,2024-12-17
431,15,0.7573969830035827,2024-12-18
432,15,0.9405300868038836,2024-12-19
433,15,0.6283821061465248,2024-12-20
434,15,0.9848361007742423,2024-12-21
435,15,0.8639059452012052,2024-12-22
436,15,0.6772151587835846,2024-12-23
437,15,0.7042952044345328,2024-12-24
438,15,0.7822402713900988,2024-12-25
439,15,0.7674441963975621,2024-12-26
440,15,0.798567191761744,2024-12-27
441,15,0.9011095634809144,2024-12-28
442,15,0.939247907567198,2024-12-29
443,15,0.9881649130129415,2024-12-30
444,15,0.9590039000007997,2024-12-31
445,15,0.6351359057114178,2025-01-01
446,15,0.6691048057194987,2025-01-02
447,15,0.6220701471255243,2025-01-03
448,15,0.846138733205438,2025-01-04
449,15,0.667195190500094,2025-01-05
450,15,0.95435532448857,2025-01-06
451,16,0.7166014959435095,2024-12-08
452,16,0.7089328362144032,2024-12-09
453,16,0.711943081722678,2024-12-10
454,16,0.8507876151551133,2024-12-11
455,16,0.9456991369800604,2024-12-12
456,16,0.9607593248396964,2024-12-13
457,16,0.9749129925836926,2024-12-14
458,16,0.8596070864753731,2024-12-15
459,16,0.6991119386764602,2024-12-16
460,16,0.701260476895969,2024-12-17
461,16,0.7807876352714116,2024-12-18
462,16,0.9750277305415338,2024-12-19
463,16,0.6282945953484664,2024-12-20
464,16,0.8215942547630001,2024-12-21
465,16,0.8565015503499442,2024-12-22
466,16,0.7094224540383955,2024-12-23
467,16,0.8334415682795389,2024-12-24
468,16,0.9882293210333736,2024-12-25
469,16,0.6876407080300206,2024-12-26
470,16,0.9426590520283271,2024-12-27
471,16,0.6847963336680527,2024-12-28
472,16,0.8614870130950427,2024-12-29
473,16,0.600010695338454,2024-12-30
474,16,0.9053795721623329,2024-12-31
475,16,0.8353592480036064,2025-01-01
476,16,0.7461535096237857,2025-01-02
477,16,0.6527966502507289,2025-01-03
478,16,0.7163092623756437,2025-01-04
479,16,0.9329795347684422,2025-01-05
480,16,0.6342707754849601,2025-01-06
481,17,0.9082071361932049,2024-12-08
482,17,0.773430883800748,2024-12-09
483,17,0.986234605748552,2024-12-10
484,17,0.842768341847398,2024-12-11
485,17,0.9368836022766553,2024-12-12
486,17,0.9768349034761821,2024-12-13
487,17,0.8561793478359082,2024-12-14
488,17,0.7938155523102207,2024-12-15
489,17,0.9820390880982564,2024-12-16
490,17,0.8525714364501831,2024-12-17
491,17,0.8534307320266072,2024-12-18
492,17,0.8323247632221626,2024-12-19
493,17,0.7845127018544472,2024-12-20
494,17,0.9785127533064778,2024-12-21
495,17,0.7998653314912614,2024-12-22
496,17,0.8024302381833806,2024-12-23
497,17,0.7149644023890107,2024-12-24
498,17,0.9963052706359402,2024-12-25
499,17,0.9943583917925355,2024-12-26
500,17,0.7524021737533274,2024-12-27
501,17,0.7889546108072798,2024-12-28
502,17,0.8460443419512053,2024-12-29
503,17,0.6819236108338017,2024-12-30
504,17,0.8521620035491847,2024-12-31
505,17,0.9778086624080429,2025-01-01
506,17,0.8439359267302102,2025-01-02
507,17,0.9398121296075612,2025-01-03
508,17,0.6662766336008653,2025-01-04
509,17,0.6118731895584084,2025-01-05
510,17,0.9323421705902765,2025-01-06
511,18,0.8980929023558875,2024-12-08
512,18,0.7178055858621502,2024-12-09
513,18,0.7222145480205528,2024-12-10
514,18,0.7702156625806644,2024-12-11
515,18,0.9586795938223467,2024-12-12
516,18,0.6578584806211892,2024-12-13
517,18,0.9110838002964408,2024-12-14
518,18,0.8809366104955225,2024-12-15
519,18,0.9752731091645139,2024-12-16
520,18,0.6767469368461134,2024-12-17
521,18,0.93197103453443,2024-12-18
522,18,0.8978922832235956,2024-12-19
523,18,0.776133709729188,2024-12-20
524,18,0.9055337765986995,2024-12-21
525,18,0.7925427432953167,2024-12-22
526,18,0.6436769116761785,2024-12-23
527,18,0.6928242775481482,2024-12-24
528,18,0.7093635834099941,2024-12-25
529,18,0.8201632813790896,2024-12-26
530,18,0.8350064109500475,2024-12-27
531,18,0.6361283059202283,2024-12-28
532,18,0.8800754134817662,2024-12-29
533,18,0.765014433915209,2024-12-30
534,18,0.8251147622235916,2024-12-31
535,18,0.7915420191610318,2025-01-01
536,18,0.7923493217682808,2025-01-02
537,18,0.7648852533263976,2025-01-03
538,18,0.7822479092929419,2025-01-04
539,18,0.6996405654013546,2025-01-05
540,18,0.9630062992230664,2025-01-06
541,19,0.6902530358609669,2024-12-08
542,19,0.7387993655698952,2024-12-09
543,19,0.932135923307422,2024-12-10
544,19,0.7824919983611203,2024-12-11
545,19,0.9707282525799639,2024-12-12
546,19,0.6927709999875824,2024-12-13
547,19,0.9274232306429004,2024-12-14
548,19,0.6758597337524814,2024-12-15
549,19,0.7353498432947332,2024-12-16
550,19,0.6619184603036147,2024-12-17
551,19,0.6605413440358031,2024-12-18
552,19,0.9414925745825595,2024-12-19
553,19,0.8012003711366051,2024-12-20
554,19,0.7708536637300912,2024-12-21
555,19,0.99777126297212,2024-12-22
556,19,0.6503344443435912,2024-12-23
557,19,0.698772573084141,2024-12-24
558,19,0.8695888692112483,2024-12-25
559,19,0.69246396560885,2024-12-26
560,19,0.7694426033216983,2024-12-27
561,19,0.6445771450357397,2024-12-28
562,19,0.9988204553936316,2024-12-29
563,19,0.640771525451363,2024-12-30
564,19,0.7455991398590102,2024-12-31
565,19,0.7160529867216829,2025-01-01
566,19,0.7954464390257755,2025-01-02
567,19,0.8812154719886541,2025-01-03
568,19,0.8478983679551032,2025-01-04
569,19,0.9847418742209589,2025-01-05
570,19,0.734602403223068,2025-01-06
571,20,0.7445524375213719,2024-12-08
572,20,0.7654266075325362,2024-12-09
573,20,0.6018704364237023,2024-12-10
574,20,0.9816291572383081,2024-12-11
575,20,0.6596568207401476,2024-12-12
576,20,0.6583859814073486,2024-12-13
577,20,0.7576103366234754,2024-12-14
578,20,0.9103441966955407,2024-12-15
579,20,0.6390475697401609,2024-12-16
580,20,0.7651298162208997,2024-12-17
581,20,0.6844386675387515,2024-12-18
582,20,0.7008275082784572,2024-12-19
583,20,0.9382407784486047,2024-12-20
584,20,0.8023659637552739,2024-12-21
585,20,0.7483783983127514,2024-12-22
586,20,0.8602992325216569,2024-12-23
587,20,0.851948467769998,2024-12-24
588,20,0.8597903866972505,2024-12-25
589,20,0.6401158658475133,2024-12-26
590,20,0.8175974468116329,2024-12-27
591,20,0.6556941400043417,2024-12-28
592,20,0.8248215746952969,2024-12-29
593,20,0.8988913892143138,2024-12-30
594,20,0.9324789726891696,2024-12-31
595,20,0.9911529372581911,2025-01-01
596,20,0.6338176696671637,2025-01-02
597,20,0.7173624121182186,2025-01-03
598,20,0.9961119221303978,2025-01-04
599,20,0.7701706381949854,2025-01-05
600,20,0.7948063534545211,2025-01-06
601,21,0.6729604034683497,2024-12-08
602,21,0.7067784498122671,2024-12-09
603,21,0.6787858071600321,2024-12-10
604,21,0.7282009774495206,2024-12-11
605,21,0.8310956081147486,2024-12-12
606,21,0.8580986501904528,2024-12-13
607,21,0.6642364701341791,2024-12-14
608,21,0.8207177037881384,2024-12-15
609,21,0.9443030362255938,2024-12-16
610,21,0.7672543045715845,2024-12-17
611,21,0.6644377521725913,2024-12-18
612,21,0.6697411749519084,2024-12-19
613,21,0.9418206968218482,2024-12-20
614,21,0.7548966994904018,2024-12-21
615,21,0.6666937780350418,2024-12-22
616,21,0.8136881752922905,2024-12-23
617,21,0.6944377473315447,2024-12-24
618,21,0.6916706507037508,2024-12-25
619,21,0.9896071068032884,2024-12-26
620,21,0.6550426919555457,2024-12-27
621,21,0.9632503179016246,2024-12-28
622,21,0.7345715246228849,2024-12-29
623,21,0.6897300631171899,2024-12-30
624,21,0.7784853677084131,2024-12-31
625,21,0.6548358629601483,2025-01-01
626,21,0.9504348594852006,2025-01-02
627,21,0.9827386336179386,2025-01-03
628,21,0.6968370735323827,2025-01-04
629,21,0.8156569159329019,2025-01-05
630,21,0.6288547863213747,2025-01-06
631,22,0.7265244180107082,2024-12-08
632,22,0.7217827468777082,2024-12-09
633,22,0.7573500763092181,2024-12-10
634,22,0.9209252177094625,2024-12-11
635,22,0.7866151362265297,2024-12-12
636,22,0.7583235673164443,2024-12-13
637,22,0.7786566930525709,2024-12-14
638,22,0.9514766322926216,2024-12-15
639,22,0.867295894681257,2024-12-16
640,22,0.9603258940004072,2024-12-17
641,22,0.6350409928428021,2024-12-18
642,22,0.7676558591859178,2024-12-19
643,22,0.9487317278659126,2024-12-20
644,22,0.6527224790227102,2024-12-21
645,22,0.6490641924650464,2024-12-22
646,22,0.7412863822907311,2024-12-23
647,22,0.8274411003531273,2024-12-24
648,22,0.7228256947015893,2024-12-25
649,22,0.7623776827332417,2024-12-26
650,22,0.7541769870269482,2024-12-27
651,22,0.9794809203411962,2024-12-28
652,22,0.6905667398792378,2024-12-29
653,22,0.7652390655316553,2024-12-30
654,22,0.9775088090154299,2024-12-31
655,22,0.6975333859705266,2025-01-01
656,22,0.9016234734619734,2025-01-02
657,22,0.7576226089695378,2025-01-03
658,22,0.7022334760588494,2025-01-04
659,22,0.7412473824033038,2025-01-05
660,22,0.7588512145889454,2025-01-06
661,23,0.7539446095285265,2024-12-08
662,23,0.9595687708781215,2024-12-09
663,23,0.6711518440990611,2024-12-10
664,23,0.9605576993408562,2024-12-11
665,23,0.6691131424398294,2024-12-12
666,23,0.7640875462936931,2024-12-13
667,23,0.9666915031855415,2024-12-14
668,23,0.9637580517145805,2024-12-15
669,23,0.6635749931456891,2024-12-16
670,23,0.6539534495242506,2024-12-17
671,23,0.992106399668071,2024-12-18
672,23,0.8431664850258167,2024-12-19
673,23,0.7910002849443613,2024-12-20
674,23,0.8648448634233412,2024-12-21
675,23,0.9229512141048277,2024-12-22
676,23,0.8281127029823053,2024-12-23
677,23,0.8868491430878849,2024-12-24
678,23,0.942565975763915,2024-12-25
679,23,0.9414843978434642,2024-12-26
680,23,0.9346241198805407,2024-12-27
681,23,0.8940829369464391,2024-12-28
682,23,0.6034575344150004,2024-12-29
683,23,0.7856339990887691,2024-12-30
684,23,0.700824203981946,2024-12-31
685,23,0.7965634534891598,2025-01-01
686,23,0.9742932959796272,2025-01-02
687,23,0.9803780744481199,2025-01-03
688,23,0.6722781046997097,2025-01-04
689,23,0.715474820729694,2025-01-05
690,23,0.66933963852575,2025-01-06
691,24,0.9440376305746311,2024-12-08
692,24,0.9808931541428213,2024-12-09
693,24,0.636303481361037,2024-12-10
694,24,0.9003801503901611,2024-12-11
695,24,0.6127477239288214,2024-12-12
696,24,0.6717109867502624,2024-12-13
697,24,0.9158520873519125,2024-12-14
698,24,0.8543876336520168,2024-12-15
699,24,0.934989233907533,2024-12-16
700,24,0.7478009317983467,2024-12-17
701,24,0.9926696089769854,2024-12-18
702,24,0.697305242207522,2024-12-19
703,24,0.9735265755672213,2024-12-20
704,24,0.7575116723498272,2024-12-21
705,24,0.9389577012483431,2024-12-22
706,24,0.6636858631919241,2024-12-23
707,24,0.812580883015287,2024-12-24
708,24,0.7982643937275806,2024-12-25
709,24,0.6108522022678803,2024-12-26
710,24,0.8566475013045443,2024-12-27
711,24,0.9116313527005889,2024-12-28
712,24,0.9859825391094168,2024-12-29
713,24,0.7045502727420008,2024-12-30
714,24,0.7834054463100619,2024-12-31
715,24,0.7684501514152203,2025-01-01
716,24,0.7161472623757269,2025-01-02
717,24,0.9627800531888675,2025-01-03
718,24,0.8842557372027892,2025-01-04
719,24,0.74043573261841,2025-01-05
720,24,0.6711316148067998,2025-01-06
721,25,0.9754271257868854,2024-12-08
722,25,0.7874090362831325,2024-12-09
723,25,0.8074983953792524,2024-12-10
724,25,0.9763077435098175,2024-12-11
725,25,0.7824865830421333,2024-12-12
726,25,0.7747169402067942,2024-12-13
727,25,0.9683409252361953,2024-12-14
728,25,0.8227674204135769,2024-12-15
729,25,0.8124708677894253,2024-12-16
730,25,0.7587062671081692,2024-12-17
731,25,0.8968718231464434,2024-12-18
732,25,0.7969323894913496,2024-12-19
733,25,0.7268947600684941,2024-12-20
734,25,0.8601745899452165,2024-12-21
735,25,0.8093192628624335,2024-12-22
736,25,0.8513684464528979,2024-12-23
737,25,0.887564948584958,2024-12-24
738,25,0.6393447247476395,2024-12-25
739,25,0.7272186822364577,2024-12-26
740,25,0.6602705189444866,2024-12-27
741,25,0.826288333999459,2024-12-28
742,25,0.6302333646399243,2024-12-29
743,25,0.9666808751836665,2024-12-30
744,25,0.7151464982707063,2024-12-31
745,25,0.8640821239666805,2025-01-01
746,25,0.8262801991898335,2025-01-02
747,25,0.8963241359431897,2025-01-03
748,25,0.9134193721398913,2025-01-04
749,25,0.7961544074253185,2025-01-05
750,25,0.7352786583569804,2025-01-06
751,26,0.848289001279222,2024-12-08
752,26,0.8461725321730122,2024-12-09
753,26,0.9965928168576308,2024-12-10
754,26,0.974091916291204,2024-12-11
755,26,0.9715109031617708,2024-12-12
756,26,0.8461349188573425,2024-12-13
757,26,0.7312072489385262,2024-12-14
758,26,0.746716481470251,2024-12-15
759,26,0.9294421298586931,2024-12-16
760,26,0.8649933068256619,2024-12-17
761,26,0.931395984502306,2024-12-18
762,26,0.7521496665782842,2024-12-19
763,26,0.7964481418110725,2024-12-20
764,26,0.759264987180628,2024-12-21
765,26,0.6951299816670109,2024-12-22
766,26,0.7544085075969258,2024-12-23
767,26,0.957596056198174,2024-12-24
768,26,0.6796591829908868,2024-12-25
769,26,0.9051601262909761,2024-12-26
770,26,0.7885403287030293,2024-12-27
771,26,0.978636780681995,2024-12-28
772,26,0.6678803718328116,2024-12-29
773,26,0.9850391956980764,2024-12-30
774,26,0.6384574208680023,2024-12-31
775,26,0.7415090348790644,2025-01-01
776,26,0.9895837287368524,2025-01-02
777,26,0.7624535646037476,2025-01-03
778,26,0.8106224126546843,2025-01-04
779,26,0.7358119313775986,2025-01-05
780,26,0.6193020362480461,2025-01-06
781,27,0.6435640367806429,2024-12-08
782,27,0.9903251842718577,2024-12-09
783,27,0.9903473080450551,2024-12-10
784,27,0.7734006009220523,2024-12-11
785,27,0.7705679379679928,2024-12-12
786,27,0.9246513403230563,2024-12-13
787,27,0.9435216401203257,2024-12-14
788,27,0.9652796341570937,2024-12-15
789,27,0.9468357146867831,2024-12-16
790,27,0.8639336247315301,2024-12-17
791,27,0.7457087491296431,2024-12-18
792,27,0.9572463807795764,2024-12-19
793,27,0.7544916749915487,2024-12-20
794,27,0.6671639544755436,2024-12-21
795,27,0.7703413267627064,2024-12-22
796,27,0.7986726142206727,2024-12-23
797,27,0.8923727772668584,2024-12-24
798,27,0.6510627530701747,2024-12-25
799,27,0.6549254207649612,2024-12-26
800,27,0.9308259026664013,2024-12-27
801,27,0.6333139264337518,2024-12-28
802,27,0.8761428371236164,2024-12-29
803,27,0.9386838186446205,2024-12-30
804,27,0.8533107700808928,2024-12-31
805,27,0.6956041154403241,2025-01-01
806,27,0.6454127541786011,2025-01-02
807,27,0.6939463395135899,2025-01-03
808,27,0.9629774846323225,2025-01-04
809,27,0.8262758392780706,2025-01-05
810,27,0.7562671915267651,2025-01-06
811,28,0.8742372433571493,2024-12-08
812,28,0.6662042501054717,2024-12-09
813,28,0.9391548264257017,2024-12-10
814,28,0.9325858588383394,2024-12-11
815,28,0.9081466586052027,2024-12-12
816,28,0.8287454049377084,2024-12-13
817,28,0.8306342835900378,2024-12-14
818,28,0.7005827845362702,2024-12-15
819,28,0.6189062250796998,2024-12-16
820,28,0.9664615845205016,2024-12-17
821,28,0.8906178299200724,2024-12-18
822,28,0.8132259530066113,2024-12-19
823,28,0.6661349074185589,2024-12-20
824,28,0.7727347846127695,2024-12-21
825,28,0.8012356881238734,2024-12-22
826,28,0.8643607533573642,2024-12-23
827,28,0.7421659422760571,2024-12-24
828,28,0.9694438742550081,2024-12-25
829,28,0.9416088160115952,2024-12-26
830,28,0.6115901902706883,2024-12-27
831,28,0.8467229987007274,2024-12-28
832,28,0.6731555132476141,2024-12-29
833,28,0.9801412762944923,2024-12-30
834,28,0.6208229403496693,2024-12-31
835,28,0.9351428629475955,2025-01-01
836,28,0.8314386407798178,2025-01-02
837,28,0.8107412540704937,2025-01-03
838,28,0.878417401486151,2025-01-04
839,28,0.6676264741419511,2025-01-05
840,28,0.7640386139761361,2025-01-06
841,29,0.7574947493675364,2024-12-08
842,29,0.887185688093771,2024-12-09
843,29,0.6188833685549264,2024-12-10
844,29,0.6751270239706396,2024-12-11
845,29,0.8632011783856542,2024-12-12
846,29,0.9287035278364505,2024-12-13
847,29,0.629538030036195,2024-12-14
848,29,0.7296399390520052,2024-12-15
849,29,0.8269338871017171,2024-12-16
850,29,0.8328084614904678,2024-12-17
851,29,0.6306869536020407,2024-12-18
852,29,0.9039031543635986,2024-12-19
853,29,0.6263016070021837,2024-12-20
854,29,0.6396534986666995,2024-12-21
855,29,0.7516413631080522,2024-12-22
856,29,0.7211891647221487,2024-12-23
857,29,0.6157773501127758,2024-12-24
858,29,0.8826897903782626,2024-12-25
859,29,0.8651661130170194,2024-12-26
860,29,0.7032172403151948,2024-12-27
861,29,0.9014771531477627,2024-12-28
862,29,0.7891812342403948,2024-12-29
863,29,0.6416651029132384,2024-12-30
864,29,0.7011420664287326,2024-12-31
865,29,0.8915591517748063,2025-01-01
866,29,0.6311564930104328,2025-01-02
867,29,0.9025983952523507,2025-01-03
868,29,0.6289494408470387,2025-01-04
869,29,0.9173751913438457,2025-01-05
870,29,0.8348713971423667,2025-01-06
871,30,0.6832752093297463,2024-12-08
872,30,0.6155021268904922,2024-12-09
873,30,0.7600095744114124,2024-12-10
874,30,0.9803541870523151,2024-12-11
875,30,0.8459561680769807,2024-12-12
876,30,0.8942121210421239,2024-12-13
877,30,0.7210157014254623,2024-12-14
878,30,0.8648596650492593,2024-12-15
879,30,0.8445875514686307,2024-12-16
880,30,0.990036521753791,2024-12-17
881,30,0.736798072414806,2024-12-18
882,30,0.63867314785781,2024-12-19
883,30,0.7008658767671453,2024-12-20
884,30,0.9383933590299323,2024-12-21
885,30,0.7261920464131444,2024-12-22
886,30,0.900917029337981,2024-12-23
887,30,0.7964241296293869,2024-12-24
888,30,0.8302051610507579,2024-12-25
889,30,0.7015724573782689,2024-12-26
890,30,0.701303184211583,2024-12-27
891,30,0.9182437433223688,2024-12-28
892,30,0.9374543430932666,2024-12-29
893,30,0.9803081668671927,2024-12-30
894,30,0.6249542296174491,2024-12-31
895,30,0.7277902108480132,2025-01-01
896,30,0.9559663337124613,2025-01-02
897,30,0.8928865846272226,2025-01-03
898,30,0.6110873752865197,2025-01-04
899,30,0.6112149390425367,2025-01-05
900,30,0.9908203707444758,2025-01-06
901,31,0.6494786079159266,2024-12-08
902,31,0.8557045064271624,2024-12-09
903,31,0.9566967655083654,2024-12-10
904,31,0.8893043689766462,2024-12-11
905,31,0.6578626243718877,2024-12-12
906,31,0.6028756181045352,2024-12-13
907,31,0.7015898057501071,2024-12-14
908,31,0.694769832988148,2024-12-15
909,31,0.7839668599272905,2024-12-16
910,31,0.7647334013303434,2024-12-17
911,31,0.7049955162177808,2024-12-18
912,31,0.8484306782934088,2024-12-19
913,31,0.9014376564314439,2024-12-20
914,31,0.627866073706029,2024-12-21
915,31,0.6932586415160036,2024-12-22
916,31,0.7974474246332592,2024-12-23
917,31,0.752686111032053,2024-12-24
918,31,0.6703411004915855,2024-12-25
919,31,0.7607751818492403,2024-12-26
920,31,0.9162902048577306,2024-12-27
921,31,0.7003986162164322,2024-12-28
922,31,0.6276362323974619,2024-12-29
923,31,0.6280755737950251,2024-12-30
924,31,0.7241926952067452,2024-12-31
925,31,0.6258500651942448,2025-01-01
926,31,0.8946967912778883,2025-01-02
927,31,0.6615322266666768,2025-01-03
928,31,0.7228877720037706,2025-01-04
929,31,0.6884686913170973,2025-01-05
930,31,0.7308663318291755,2025-01-06
931,32,0.7555886191650096,2024-12-08
932,32,0.7009139819687832,2024-12-09
933,32,0.7365623124723079,2024-12-10
934,32,0.6972216995977447,2024-12-11
935,32,0.8155345385295559,2024-12-12
936,32,0.701220374478474,2024-12-13
937,32,0.8767723330669108,2024-12-14
938,32,0.7469508708296397,2024-12-15
939,32,0.9954501568794345,2024-12-16
940,32,0.6878615017082587,2024-12-17
941,32,0.8963514636752534,2024-12-18
942,32,0.9426337540897974,2024-12-19
943,32,0.9612534630417221,2024-12-20
944,32,0.7193800555696243,2024-12-21
945,32,0.8494665363896728,2024-12-22
946,32,0.6262352639246125,2024-12-23
947,32,0.9928003955474919,2024-12-24
948,32,0.9888927979922401,2024-12-25
949,32,0.6378194950461947,2024-12-26
950,32,0.6174189278844856,2024-12-27
951,32,0.7934843337038417,2024-12-28
952,32,0.9367800424314489,2024-12-29
953,32,0.8087011536965393,2024-12-30
954,32,0.6566447235329209,2024-12-31
955,32,0.8109874207545075,2025-01-01
956,32,0.9144130294948292,2025-01-02
957,32,0.601854145014186,2025-01-03
958,32,0.6479654564667163,2025-01-04
959,32,0.9123679600363992,2025-01-05
960,32,0.825305147261641,2025-01-06
961,33,0.885229979727333,2024-12-08
962,33,0.9601521312875447,2024-12-09
963,33,0.8783219738589703,2024-12-10
964,33,0.7689374713383827,2024-12-11
965,33,0.7957638495219814,2024-12-12
966,33,0.6504510788953933,2024-12-13
967,33,0.797572672062009,2024-12-14
968,33,0.9991781853391601,2024-12-15
969,33,0.6550039686099,2024-12-16
970,33,0.6810314627593962,2024-12-17
971,33,0.7964131727406355,2024-12-18
972,33,0.7559279029762004,2024-12-19
973,33,0.8467441959451403,2024-12-20
974,33,0.9442962806916281,2024-12-21
975,33,0.6677693199257956,2024-12-22
976,33,0.8409653454748198,2024-12-23
977,33,0.722119904097648,2024-12-24
978,33,0.6310194266195468,2024-12-25
979,33,0.7428514506689385,2024-12-26
980,33,0.7902182961461043,2024-12-27
981,33,0.7055496034611024,2024-12-28
982,33,0.9434744277382314,2024-12-29
983,33,0.9307479097212579,2024-12-30
984,33,0.913010909678872,2024-12-31
985,33,0.624971132383043,2025-01-01
986,33,0.9653573166413695,2025-01-02
987,33,0.7094911304282423,2025-01-03
988,33,0.8773021388684126,2025-01-04
989,33,0.9688150340437137,2025-01-05
990,33,0.7770748417124101,2025-01-06
991,34,0.9518907184450924,2024-12-08
992,34,0.6599105472061633,2024-12-09
993,34,0.889774218923064,2024-12-10
994,34,0.6511490469525576,2024-12-11
995,34,0.7408697594069594,2024-12-12
996,34,0.8707666611761653,2024-12-13
997,34,0.9926534863744353,2024-12-14
998,34,0.841482814956755,2024-12-15
999,34,0.6533279869464431,2024-12-16
1000,34,0.9843799055807549,2024-12-17
1001,34,0.736993194521779,2024-12-18
1002,34,0.9205739047255065,2024-12-19
1003,34,0.6085707440128648,2024-12-20
1004,34,0.9884957293179427,2024-12-21
1005,34,0.6076081020867815,2024-12-22
1006,34,0.8172470339919705,2024-12-23
1007,34,0.6441297144436914,2024-12-24
1008,34,0.6768005644904334,2024-12-25
1009,34,0.6807316290248868,2024-12-26
1010,34,0.9805426077959778,2024-12-27
1011,34,0.8445662540330222,2024-12-28
1012,34,0.6603203510196503,2024-12-29
1013,34,0.6645135907711838,2024-12-30
1014,34,0.9131458118177278,2024-12-31
1015,34,0.8182935732424369,2025-01-01
1016,34,0.6404346161772,2025-01-02
1017,34,0.7169952875178658,2025-01-03
1018,34,0.7355366887285382,2025-01-04
1019,34,0.6756054351123514,2025-01-05
1020,34,0.8688613657027373,2025-01-06
1021,35,0.6129281916261757,2024-12-08
1022,35,0.777344431758247,2024-12-09
1023,35,0.7968246323755039,2024-12-10
1024,35,0.9466184936494575,2024-12-11
1025,35,0.9420844880422421,2024-12-12
1026,35,0.7043890272726894,2024-12-13
1027,35,0.6906258817996705,2024-12-14
1028,35,0.9229761894289705,2024-12-15
1029,35,0.731666621635157,2024-12-16
1030,35,0.7090934907252231,2024-12-17
1031,35,0.8511064757028535,2024-12-18
1032,35,0.9017415643228227,2024-12-19
1033,35,0.8914615925060996,2024-12-20
1034,35,0.9717395475709072,2024-12-21
1035,35,0.6890534359445447,2024-12-22
1036,35,0.8295598946466225,2024-12-23
1037,35,0.775252343815068,2024-12-24
1038,35,0.7122540906829621,2024-12-25
1039,35,0.9987925759291619,2024-12-26
1040,35,0.9437645963285392,2024-12-27
1041,35,0.7472449702665084,2024-12-28
1042,35,0.8582651702484514,2024-12-29
1043,35,0.6953265428510415,2024-12-30
1044,35,0.9168205856398394,2024-12-31
1045,35,0.9642454532166828,2025-01-01
1046,35,0.8807303722416803,2025-01-02
1047,35,0.9835954632252575,2025-01-03
1048,35,0.8559613589303923,2025-01-04
1049,35,0.672537682705912,2025-01-05
1050,35,0.7776865457106636,2025-01-06
1051,36,0.7020837344808585,2024-12-08
1052,36,0.6152407228430735,2024-12-09
1053,36,0.6873622350121468,2024-12-10
1054,36,0.9702075713815193,2024-12-11
1055,36,0.6359557674987687,2024-12-12
1056,36,0.7793308304567625,2024-12-13
1057,36,0.6410970055309378,2024-12-14
1058,36,0.6135590276591258,2024-12-15
1059,36,0.8250988840908613,2024-12-16
1060,36,0.9642863264541518,2024-12-17
1061,36,0.9102757379776758,2024-12-18
1062,36,0.6996097299278179,2024-12-19
1063,36,0.7364639841368761,2024-12-20
1064,36,0.9603235056925681,2024-12-21
1065,36,0.8497718383156884,2024-12-22
1066,36,0.7225658583338964,2024-12-23
1067,36,0.6503935917385543,2024-12-24
1068,36,0.8257767469155317,2024-12-25
1069,36,0.9034741930298075,2024-12-26
1070,36,0.675318759416883,2024-12-27
1071,36,0.9578603235389356,2024-12-28
1072,36,0.9754562542102134,2024-12-29
1073,36,0.8339350319461561,2024-12-30
1074,36,0.8945030750337515,2024-12-31
1075,36,0.6796986487373828,2025-01-01
1076,36,0.9155717991338324,2025-01-02
1077,36,0.9342124072499232,2025-01-03
1078,36,0.7255123646249683,2025-01-04
1079,36,0.8373478522638484,2025-01-05
1080,36,0.9555377547011837,2025-01-06
1081,37,0.9868672815594312,2024-12-08
1082,37,0.8747301408776009,2024-12-09
1083,37,0.7915470597670192,2024-12-10
1084,37,0.7198027435604248,2024-12-11
1085,37,0.9273045477887526,2024-12-12
1086,37,0.9028984043654,2024-12-13
1087,37,0.6486186990209402,2024-12-14
1088,37,0.9347851880988352,2024-12-15
1089,37,0.6425940424752025,2024-12-16
1090,37,0.6962340007189126,2024-12-17
1091,37,0.738641639784,2024-12-18
1092,37,0.714032205747339,2024-12-19
1093,37,0.7503189712822989,2024-12-20
1094,37,0.8793496080171774,2024-12-21
1095,37,0.9730887149691477,2024-12-22
1096,37,0.6203736566968997,2024-12-23
1097,37,0.900740694804111,2024-12-24
1098,37,0.9024530680105978,2024-12-25
1099,37,0.8596885394300819,2024-12-26
1100,37,0.606753223468194,2024-12-27
1101,37,0.7539441046618688,2024-12-28
1102,37,0.8748897836375673,2024-12-29
1103,37,0.766730275839726,2024-12-30
1104,37,0.7598055803818842,2024-12-31
1105,37,0.914238143597251,2025-01-01
1106,37,0.8419703595304929,2025-01-02
1107,37,0.7941965613079545,2025-01-03
1108,37,0.7370277901478449,2025-01-04
1109,37,0.7103156566048398,2025-01-05
1110,37,0.9363645938608351,2025-01-06
1111,38,0.933277039981964,2024-12-08
1112,38,0.6655672625606945,2024-12-09
1113,38,0.6204599224479947,2024-12-10
1114,38,0.6684694705269906,2024-12-11
1115,38,0.9648862292466396,2024-12-12
1116,38,0.8600963937235714,2024-12-13
1117,38,0.9231313291788366,2024-12-14
1118,38,0.6922853037234183,2024-12-15
1119,38,0.6804843490601455,2024-12-16
1120,38,0.7282818382139651,2024-12-17
1121,38,0.6008564472279491,2024-12-18
1122,38,0.9723873250629367,2024-12-19
1123,38,0.7489931236707476,2024-12-20
1124,38,0.9890518048036351,2024-12-21
1125,38,0.7293353890198419,2024-12-22
1126,38,0.6303640278789121,2024-12-23
1127,38,0.9532938068244922,2024-12-24
1128,38,0.6398572689360741,2024-12-25
1129,38,0.9940533032843988,2024-12-26
1130,38,0.7443033348230987,2024-12-27
1131,38,0.6020021673545912,2024-12-28
1132,38,0.9167076376519687,2024-12-29
1133,38,0.8094338053961683,2024-12-30
1134,38,0.6709020717246094,2024-12-31
1135,38,0.730240742628653,2025-01-01
1136,38,0.6652477689505789,2025-01-02
1137,38,0.841594478747883,2025-01-03
1138,38,0.9059224017689163,2025-01-04
1139,38,0.9228489390682543,2025-01-05
1140,38,0.8192512837960706,2025-01-06
1141,39,0.8371516299110717,2024-12-08
1142,39,0.7577856075617768,2024-12-09
1143,39,0.8674993164150568,2024-12-10
1144,39,0.7627086807999053,2024-12-11
1145,39,0.77460830660451,2024-12-12
1146,39,0.7321366126400357,2024-12-13
1147,39,0.9750438711355313,2024-12-14
1148,39,0.7257852697950045,2024-12-15
1149,39,0.7671462437167103,2024-12-16
1150,39,0.8607412792815989,2024-12-17
1151,39,0.9844874687042631,2024-12-18
1152,39,0.6712207630288215,2024-12-19
1153,39,0.8505515739149165,2024-12-20
1154,39,0.8890185854043233,2024-12-21
1155,39,0.8151407513552614,2024-12-22
1156,39,0.6136918111831514,2024-12-23
1157,39,0.7295734696064844,2024-12-24
1158,39,0.9932926568324303,2024-12-25
1159,39,0.7432405457517286,2024-12-26
1160,39,0.9490364241796085,2024-12-27
1161,39,0.7962307158558568,2024-12-28
1162,39,0.9515802022082298,2024-12-29
1163,39,0.7435507251210052,2024-12-30
1164,39,0.7887125154223565,2024-12-31
1165,39,0.6956027841125776,2025-01-01
1166,39,0.6760783553994729,2025-01-02
1167,39,0.6498815831812321,2025-01-03
1168,39,0.6924105066036217,2025-01-04
1169,39,0.808373463173417,2025-01-05
1170,39,0.7696773934405715,2025-01-06
1171,40,0.9842040546125296,2024-12-08
1172,40,0.9082746577673522,2024-12-09
1173,40,0.6190081476786605,2024-12-10
1174,40,0.7491423704033602,2024-12-11
1175,40,0.9011015205524495,2024-12-12
1176,40,0.8212521511107174,2024-12-13
1177,40,0.9788954690953278,2024-12-14
1178,40,0.9482075101029513,2024-12-15
1179,40,0.8611084930024602,2024-12-16
1180,40,0.7500215679075227,2024-12-17
1181,40,0.90808178063375,2024-12-18
1182,40,0.7095550837447016,2024-12-19
1183,40,0.6058050485971779,2024-12-20
1184,40,0.9541087056801928,2024-12-21
1185,40,0.9872480927240381,2024-12-22
1186,40,0.8867528681897556,2024-12-23
1187,40,0.6322346549144221,2024-12-24
1188,40,0.817695120664785,2024-12-25
1189,40,0.8394267637946818,2024-12-26
1190,40,0.6953436081597991,2024-12-27
1191,40,0.8504822731938555,2024-12-28
1192,40,0.8971251164322604,2024-12-29
1193,40,0.7707214253153603,2024-12-30
1194,40,0.6267233568025574,2024-12-31
1195,40,0.6415217124287922,2025-01-01
1196,40,0.8206043028201763,2025-01-02
1197,40,0.7359528827251611,2025-01-03
1198,40,0.7499323980732313,2025-01-04
1199,40,0.9542716635865733,2025-01-05
1200,40,0.9805019937515249,2025-01-06
1201,41,0.9096370434613508,2024-12-08
1202,41,0.946899724922514,2024-12-09
1203,41,0.835020433259477,2024-12-10
1204,41,0.7595320053901267,2024-12-11
1205,41,0.9357724062141967,2024-12-12
1206,41,0.6598030033198781,2024-12-13
1207,41,0.7198676802784211,2024-12-14
1208,41,0.6733560751383775,2024-12-15
1209,41,0.976890204648191,2024-12-16
1210,41,0.9700667560892069,2024-12-17
1211,41,0.8226995863955466,2024-12-18
1212,41,0.921430327349736,2024-12-19
1213,41,0.60847009167756,2024-12-20
1214,41,0.9746587975732587,2024-12-21
1215,41,0.7938090202257089,2024-12-22
1216,41,0.7260403910004839,2024-12-23
1217,41,0.7618073389255536,2024-12-24
1218,41,0.9754979774772702,2024-12-25
1219,41,0.943219841317156,2024-12-26
1220,41,0.6575947026400961,2024-12-27
1221,41,0.8267336016762639,2024-12-28
1222,41,0.9764573930645439,2024-12-29
1223,41,0.7102239179714209,2024-12-30
1224,41,0.6221302540002215,2024-12-31
1225,41,0.7610086648880785,2025-01-01
1226,41,0.6454807094526905,2025-01-02
1227,41,0.6759638809946537,2025-01-03
1228,41,0.6232983319279612,2025-01-04
1229,41,0.9121554601450748,2025-01-05
1230,41,0.8588984492553137,2025-01-06
1231,42,0.9125121122226402,2024-12-08
1232,42,0.7674201820960054,2024-12-09
1233,42,0.9639651681161129,2024-12-10
1234,42,0.6425010425480976,2024-12-11
1235,42,0.9119942952580548,2024-12-12
1236,42,0.9397269005453642,2024-12-13
1237,42,0.7757219190354698,2024-12-14
1238,42,0.8277911716007224,2024-12-15
1239,42,0.7118300018534494,2024-12-16
1240,42,0.9780816375893137,2024-12-17
1241,42,0.8001033724655497,2024-12-18
1242,42,0.6361678998825001,2024-12-19
1243,42,0.6308074508253406,2024-12-20
1244,42,0.8050095825274483,2024-12-21
1245,42,0.71134428924253,2024-12-22
1246,42,0.8559215730820429,2024-12-23
1247,42,0.9405735478751971,2024-12-24
1248,42,0.943895761978754,2024-12-25
1249,42,0.741074140053813,2024-12-26
1250,42,0.8730827153594825,2024-12-27
1251,42,0.6893371829376063,2024-12-28
1252,42,0.6231111584119037,2024-12-29
1253,42,0.7892524012289108,2024-12-30
1254,42,0.6603578643676948,2024-12-31
1255,42,0.7400479430410687,2025-01-01
1256,42,0.8366542191113613,2025-01-02
1257,42,0.831862090483207,2025-01-03
1258,42,0.9457813718796904,2025-01-04
1259,42,0.8427269267922192,2025-01-05
1260,42,0.97415146873327,2025-01-06
1261,43,0.9893273440980941,2024-12-08
1262,43,0.9266570211074686,2024-12-09
1263,43,0.8334686139956468,2024-12-10
1264,43,0.6532307718563404,2024-12-11
1265,43,0.7363288550600834,2024-12-12
1266,43,0.9408091601773463,2024-12-13
1267,43,0.8098914288390623,2024-12-14
1268,43,0.6268144946427512,2024-12-15
1269,43,0.9344929958661538,2024-12-16
1270,43,0.6538746650426204,2024-12-17
1271,43,0.8737985848926427,2024-12-18
1272,43,0.9803431085309472,2024-12-19
1273,43,0.9464500969084311,2024-12-20
1274,43,0.7179990794190769,2024-12-21
1275,43,0.9330274487752047,2024-12-22
1276,43,0.975700060182884,2024-12-23
1277,43,0.8832592738184915,2024-12-24
1278,43,0.7965994753175047,2024-12-25
1279,43,0.9500163245325847,2024-12-26
1280,43,0.9820064872709213,2024-12-27
1281,43,0.8387531063601474,2024-12-28
1282,43,0.7342266954336208,2024-12-29
1283,43,0.9399211702215209,2024-12-30
1284,43,0.833115122922585,2024-12-31
1285,43,0.9862387185757922,2025-01-01
1286,43,0.6874244441868341,2025-01-02
1287,43,0.839238561323673,2025-01-03
1288,43,0.9881776446551308,2025-01-04
1289,43,0.813758909281101,2025-01-05
1290,43,0.936226606157325,2025-01-06
1291,44,0.6715464699570302,2024-12-08
1292,44,0.75817816891671,2024-12-09
1293,44,0.7746248502363722,2024-12-10
1294,44,0.9337406301414806,2024-12-11
1295,44,0.7109253711292628,2024-12-12
1296,44,0.9228287891767982,2024-12-13
1297,44,0.7744457415784619,2024-12-14
1298,44,0.609182690652764,2024-12-15
1299,44,0.7854254388249049,2024-12-16
1300,44,0.7750211453810134,2024-12-17
1301,44,0.7919043701240716,2024-12-18
1302,44,0.6436200479563062,2024-12-19
1303,44,0.7976894147338247,2024-12-20
1304,44,0.7482053757221258,2024-12-21
1305,44,0.8759898559622762,2024-12-22
1306,44,0.852148354351397,2024-12-23
1307,44,0.7154213403400526,2024-12-24
1308,44,0.9174451837027016,2024-12-25
1309,44,0.9499138950676091,2024-12-26
1310,44,0.621314019413738,2024-12-27
1311,44,0.670183757696077,2024-12-28
1312,44,0.7512532756740713,2024-12-29
1313,44,0.9258759911688449,2024-12-30
1314,44,0.9499383169331573,2024-12-31
1315,44,0.8387905691252973,2025-01-01
1316,44,0.8281983685098238,2025-01-02
1317,44,0.6168721998279679,2025-01-03
1318,44,0.7140627104376878,2025-01-04
1319,44,0.9454112945561386,2025-01-05
1320,44,0.6415394717776264,2025-01-06
1321,45,0.8922887788167023,2024-12-08
1322,45,0.713031574498224,2024-12-09
1323,45,0.9606142619383302,2024-12-10
1324,45,0.6017232902345753,2024-12-11
1325,45,0.7506301962211628,2024-12-12
1326,45,0.719375404570473,2024-12-13
1327,45,0.7758887516879841,2024-12-14
1328,45,0.8980487166875626,2024-12-15
1329,45,0.64903457703936,2024-12-16
1330,45,0.7082615122794629,2024-12-17
1331,45,0.6756602421080324,2024-12-18
1332,45,0.7757854479732976,2024-12-19
1333,45,0.6319308855451976,2024-12-20
1334,45,0.937538194998316,2024-12-21
1335,45,0.8105054738633242,2024-12-22
1336,45,0.9092206922041862,2024-12-23
1337,45,0.9202128868650131,2024-12-24
1338,45,0.6923591858014322,2024-12-25
1339,45,0.6025493037635553,2024-12-26
1340,45,0.9756999726806856,2024-12-27
1341,45,0.9353957488054643,2024-12-28
1342,45,0.6646352792009296,2024-12-29
1343,45,0.605933867958003,2024-12-30
1344,45,0.6019098665133528,2024-12-31
1345,45,0.7229545304777218,2025-01-01
1346,45,0.8511880919764565,2025-01-02
1347,45,0.8713581289162434,2025-01-03
1348,45,0.8143470571119593,2025-01-04
1349,45,0.9900092184402951,2025-01-05
1350,45,0.8404272447536214,2025-01-06
1351,46,0.7241533409801703,2024-12-08
1352,46,0.9944843854264283,2024-12-09
1353,46,0.701679267075663,2024-12-10
1354,46,0.7442902834551743,2024-12-11
1355,46,0.6400642979937834,2024-12-12
1356,46,0.9042807090707771,2024-12-13
1357,46,0.6488871390339327,2024-12-14
1358,46,0.6165474166011996,2024-12-15
1359,46,0.9435699872177837,2024-12-16
1360,46,0.6500843411624396,2024-12-17
1361,46,0.7389721244534443,2024-12-18
1362,46,0.7633287332463783,2024-12-19
1363,46,0.8883555633839466,2024-12-20
1364,46,0.6840464969293242,2024-12-21
1365,46,0.8165271973653747,2024-12-22
1366,46,0.7776911637901096,2024-12-23
1367,46,0.8422376017609919,2024-12-24
1368,46,0.918561754269632,2024-12-25
1369,46,0.8007666396351907,2024-12-26
1370,46,0.9958128437527209,2024-12-27
1371,46,0.7349245722107455,2024-12-28
1372,46,0.7142502397018347,2024-12-29
1373,46,0.8140551082262785,2024-12-30
1374,46,0.7354089799721177,2024-12-31
1375,46,0.9104194239785666,2025-01-01
1376,46,0.7261438546465467,2025-01-02
1377,46,0.625330282178038,2025-01-03
1378,46,0.762422134391752,2025-01-04
1379,46,0.6568473824976003,2025-01-05
1380,46,0.669509174934498,2025-01-06
1381,47,0.746421379759838,2024-12-08
1382,47,0.797532697629978,2024-12-09
1383,47,0.9797975549368568,2024-12-10
1384,47,0.9318549480729689,2024-12-11
1385,47,0.9092205258458884,2024-12-12
1386,47,0.6906890921219009,2024-12-13
1387,47,0.7616085331590146,2024-12-14
1388,47,0.9476758451428826,2024-12-15
1389,47,0.840525009683869,2024-12-16
1390,47,0.9409427054558277,2024-12-17
1391,47,0.8773228858210255,2024-12-18
1392,47,0.908705796966333,2024-12-19
1393,47,0.6961272396669677,2024-12-20
1394,47,0.69513255457965,2024-12-21
1395,47,0.7583821669424172,2024-12-22
1396,47,0.920504966018887,2024-12-23
1397,47,0.9227249305672163,2024-12-24
1398,47,0.9420730646680165,2024-12-25
1399,47,0.9298212504981085,2024-12-26
1400,47,0.9167521085924625,2024-12-27
1401,47,0.8715094023529164,2024-12-28
1402,47,0.9526723339993841,2024-12-29
1403,47,0.70092380099234,2024-12-30
1404,47,0.9351668807304995,2024-12-31
1405,47,0.8938738046100612,2025-01-01
1406,47,0.9284766276745573,2025-01-02
1407,47,0.6481976638666962,2025-01-03
1408,47,0.7309111435821996,2025-01-04
1409,47,0.9775775250700013,2025-01-05
1410,47,0.8451482131629021,2025-01-06
1411,48,0.8027107619362683,2024-12-08
1412,48,0.8496559042432589,2024-12-09
1413,48,0.8306700491424993,2024-12-10
1414,48,0.8952544484233833,2024-12-11
1415,48,0.6209937731723825,2024-12-12
1416,48,0.7712638184954455,2024-12-13
1417,48,0.9377198567833223,2024-12-14
1418,48,0.9655140718464416,2024-12-15
1419,48,0.7099964912545307,2024-12-16
1420,48,0.8465804379050382,2024-12-17
1421,48,0.9735405962185963,2024-12-18
1422,48,0.6254575610161384,2024-12-19
1423,48,0.9715289426418374,2024-12-20
1424,48,0.883015047952257,2024-12-21
1425,48,0.7670350626680507,2024-12-22
1426,48,0.8900398505404616,2024-12-23
1427,48,0.7193494680426784,2024-12-24
1428,48,0.9462666934958206,2024-12-25
1429,48,0.7894657807679357,2024-12-26
1430,48,0.6228210091806297,2024-12-27
1431,48,0.7055026464348876,2024-12-28
1432,48,0.616371256600202,2024-12-29
1433,48,0.8249097990419101,2024-12-30
1434,48,0.7493093887920914,2024-12-31
1435,48,0.8003088323584825,2025-01-01
1436,48,0.8408929823186235,2025-01-02
1437,48,0.9346527483682023,2025-01-03
1438,48,0.9152944393742471,2025-01-04
1439,48,0.7075142539227111,2025-01-05
1440,48,0.9040500044786624,2025-01-06
1441,49,0.8645033460413218,2024-12-08
1442,49,0.6678746707200595,2024-12-09
1443,49,0.7790249563004014,2024-12-10
1444,49,0.8801226507479356,2024-12-11
1445,49,0.6535139211276523,2024-12-12
1446,49,0.8567175278403729,2024-12-13
1447,49,0.621877906841374,2024-12-14
1448,49,0.7929165372202207,2024-12-15
1449,49,0.8112079906775604,2024-12-16
1450,49,0.7415252837235357,2024-12-17
1451,49,0.7938955485980386,2024-12-18
1452,49,0.776683202790056,2024-12-19
1453,49,0.8384699002100676,2024-12-20
1454,49,0.781923783159481,2024-12-21
1455,49,0.7528748106868097,2024-12-22
1456,49,0.7132160516657154,2024-12-23
1457,49,0.8837727092538543,2024-12-24
1458,49,0.7296228945766382,2024-12-25
1459,49,0.6040459562391507,2024-12-26
1460,49,0.8279247694204426,2024-12-27
1461,49,0.8554232537197829,2024-12-28
1462,49,0.680574601647829,2024-12-29
1463,49,0.8867048275857323,2024-12-30
1464,49,0.9229986778487264,2024-12-31
1465,49,0.6635370751065724,2025-01-01
1466,49,0.7033872192961594,2025-01-02
1467,49,0.6805693954400065,2025-01-03
1468,49,0.8440304319262331,2025-01-04
1469,49,0.9753428731297875,2025-01-05
1470,49,0.9080801253582288,2025-01-06
1471,50,0.7473232590330987,2024-12-08
1472,50,0.7699823106657944,2024-12-09
1473,50,0.9601986090304155,2024-12-10
1474,50,0.9657508418869277,2024-12-11
1475,50,0.6278836373334834,2024-12-12
1476,50,0.6076957468474004,2024-12-13
1477,50,0.9707836745393934,2024-12-14
1478,50,0.921798096204157,2024-12-15
1479,50,0.8167899330862384,2024-12-16
1480,50,0.9829807364000968,2024-12-17
1481,50,0.6023169351927858,2024-12-18
1482,50,0.6354542676508205,2024-12-19
1483,50,0.6569345954449652,2024-12-20
1484,50,0.8445172386422548,2024-12-21
1485,50,0.9184621101689933,2024-12-22
1486,50,0.6574708190061005,2024-12-23
1487,50,0.6148513015895275,2024-12-24
1488,50,0.7503236988077079,2024-12-25
1489,50,0.8909739807112509,2024-12-26
1490,50,0.6922441243636369,2024-12-27
1491,50,0.8046812518701352,2024-12-28
1492,50,0.989749139079614,2024-12-29
1493,50,0.6033392506593913,2024-12-30
1494,50,0.6670340940321111,2024-12-31
1495,50,0.9448027178735108,2025-01-01
1496,50,0.6716445263919004,2025-01-02
1497,50,0.6209420809247331,2025-01-03
1498,50,0.6476367027035548,2025-01-04
1499,50,0.8233950211372383,2025-01-05
1500,50,0.6484481560201047,2025-01-06
1501,51,0.9628896049220712,2024-12-08
1502,51,0.9614658332044803,2024-12-09
1503,51,0.9945243507863324,2024-12-10
1504,51,0.7267769556004521,2024-12-11
1505,51,0.8492834071731055,2024-12-12
1506,51,0.6150692507683357,2024-12-13
1507,51,0.7607531152535327,2024-12-14
1508,51,0.873555504803546,2024-12-15
1509,51,0.6233248764785061,2024-12-16
1510,51,0.8141218024557015,2024-12-17
1511,51,0.7908785380027197,2024-12-18
1512,51,0.6697718795066065,2024-12-19
1513,51,0.8462027002396537,2024-12-20
1514,51,0.8978421848366106,2024-12-21
1515,51,0.7949740409598817,2024-12-22
1516,51,0.7614904300407737,2024-12-23
1517,51,0.694875746624398,2024-12-24
1518,51,0.6420092451576885,2024-12-25
1519,51,0.7743350351008864,2024-12-26
1520,51,0.6238975885543944,2024-12-27
1521,51,0.7682038030210355,2024-12-28
1522,51,0.8354863561065564,2024-12-29
1523,51,0.929771414231253,2024-12-30
1524,51,0.660818530442979,2024-12-31
1525,51,0.6731125977147829,2025-01-01
1526,51,0.6504079398350127,2025-01-02
1527,51,0.6423108579313699,2025-01-03
1528,51,0.932878301287307,2025-01-04
1529,51,0.8724701875979839,2025-01-05
1530,51,0.8763289764502513,2025-01-06
1531,52,0.8346476121333655,2024-12-08
1532,52,0.6860919028892257,2024-12-09
1533,52,0.6920853138336684,2024-12-10
1534,52,0.7914167004885966,2024-12-11
1535,52,0.6902763473211786,2024-12-12
1536,52,0.7471712883431413,2024-12-13
1537,52,0.658605499439842,2024-12-14
1538,52,0.6073134239727215,2024-12-15
1539,52,0.8156877576844046,2024-12-16
1540,52,0.7163318156626043,2024-12-17
1541,52,0.690496239231246,2024-12-18
1542,52,0.9656661125794774,2024-12-19
1543,52,0.9557167448203641,2024-12-20
1544,52,0.8166603416174367,2024-12-21
1545,52,0.9799622822619555,2024-12-22
1546,52,0.7424998648222314,2024-12-23
1547,52,0.8209178408134699,2024-12-24
1548,52,0.978975639832149,2024-12-25
1549,52,0.6699544071431384,2024-12-26
1550,52,0.8150176652431115,2024-12-27
1551,52,0.9835075830911841,2024-12-28
1552,52,0.9369537469009539,2024-12-29
1553,52,0.6514612633093209,2024-12-30
1554,52,0.6963194103407001,2024-12-31
1555,52,0.8187606606855443,2025-01-01
1556,52,0.6164792134202788,2025-01-02
1557,52,0.6832029951504878,2025-01-03
1558,52,0.6615088238747956,2025-01-04
1559,52,0.6898790254551623,2025-01-05
1560,52,0.8907906225192217,2025-01-06
1561,53,0.8168822500735058,2024-12-08
1562,53,0.8948500974383482,2024-12-09
1563,53,0.6952769342474165,2024-12-10
1564,53,0.9232327540634995,2024-12-11
1565,53,0.8292471869947097,2024-12-12
1566,53,0.8277900156741247,2024-12-13
1567,53,0.7817432968334974,2024-12-14
1568,53,0.8359855557699769,2024-12-15
1569,53,0.6204785332124224,2024-12-16
1570,53,0.6579858940077091,2024-12-17
1571,53,0.6759100198278721,2024-12-18
1572,53,0.6133996005488429,2024-12-19
1573,53,0.6141042216384829,2024-12-20
1574,53,0.8199210662876132,2024-12-21
1575,53,0.9949745718818006,2024-12-22
1576,53,0.7419510068007035,2024-12-23
1577,53,0.604056106313179,2024-12-24
1578,53,0.7440829118978783,2024-12-25
1579,53,0.6916460784990904,2024-12-26
1580,53,0.8003100123018736,2024-12-27
1581,53,0.9246836653750372,2024-12-28
1582,53,0.6262427934132009,2024-12-29
1583,53,0.7786768306951606,2024-12-30
1584,53,0.834308557156776,2024-12-31
1585,53,0.771026197826647,2025-01-01
1586,53,0.815986792532506,2025-01-02
1587,53,0.9888564316698405,2025-01-03
1588,53,0.657854973430848,2025-01-04
1589,53,0.815778484590681,2025-01-05
1590,53,0.6452689647551549,2025-01-06
1591,54,0.8280519358125399,2024-12-08
1592,54,0.8623981383267367,2024-12-09
1593,54,0.8515974785207364,2024-12-10
1594,54,0.7341134927037631,2024-12-11
1595,54,0.7033302943944357,2024-12-12
1596,54,0.697880230486024,2024-12-13
1597,54,0.6297412467263078,2024-12-14
1598,54,0.8002025968331893,2024-12-15
1599,54,0.6629294211234822,2024-12-16
1600,54,0.9530216736546527,2024-12-17
1601,54,0.8071666721368324,2024-12-18
1602,54,0.8752131376407298,2024-12-19
1603,54,0.7600641972678936,2024-12-20
1604,54,0.6797547735619061,2024-12-21
1605,54,0.9366296521710578,2024-12-22
1606,54,0.9351050127662515,2024-12-23
1607,54,0.6195626836715494,2024-12-24
1608,54,0.9375644369260326,2024-12-25
1609,54,0.7157781585831396,2024-12-26
1610,54,0.7719375612617805,2024-12-27
1611,54,0.8675357130321133,2024-12-28
1612,54,0.8851728642800707,2024-12-29
1613,54,0.6917973764507247,2024-12-30
1614,54,0.9755158051596916,2024-12-31
1615,54,0.6478477795809505,2025-01-01
1616,54,0.6224463233421553,2025-01-02
1617,54,0.7535967423302933,2025-01-03
1618,54,0.7991653658364957,2025-01-04
1619,54,0.7324684088974605,2025-01-05
1620,54,0.8363677201025652,2025-01-06
1621,55,0.8743277008049368,2024-12-08
1622,55,0.8131737934283465,2024-12-09
1623,55,0.7579009720301682,2024-12-10
1624,55,0.9322520709039193,2024-12-11
1625,55,0.768194534457832,2024-12-12
1626,55,0.7754857865894365,2024-12-13
1627,55,0.7558695155727192,2024-12-14
1628,55,0.9053832991184808,2024-12-15
1629,55,0.8535392668494564,2024-12-16
1630,55,0.8361746865119727,2024-12-17
1631,55,0.7963107432927338,2024-12-18
1632,55,0.7175883520563173,2024-12-19
1633,55,0.6259339472334221,2024-12-20
1634,55,0.6752587572795206,2024-12-21
1635,55,0.746990162310526,2024-12-22
1636,55,0.6254150607340352,2024-12-23
1637,55,0.9337403223337395,2024-12-24
1638,55,0.6910481422190343,2024-12-25
1639,55,0.8052553235312978,2024-12-26
1640,55,0.6183196285501915,2024-12-27
1641,55,0.6697688632385398,2024-12-28
1642,55,0.6993523274403023,2024-12-29
1643,55,0.8892162756093742,2024-12-30
1644,55,0.9203249469722257,2024-12-31
1645,55,0.6147221296444475,2025-01-01
1646,55,0.9383541304542772,2025-01-02
1647,55,0.6631368855259178,2025-01-03
1648,55,0.809513898194218,2025-01-04
1649,55,0.946222354510994,2025-01-05
1650,55,0.7755242092794243,2025-01-06
1651,56,0.8433487545207685,2024-12-08
1652,56,0.9714074303454645,2024-12-09
1653,56,0.6934527167875801,2024-12-10
1654,56,0.8196627963722835,2024-12-11
1655,56,0.7231931392896366,2024-12-12
1656,56,0.8979609651138833,2024-12-13
1657,56,0.6332351642468371,2024-12-14
1658,56,0.9721743646818471,2024-12-15
1659,56,0.9537428813352683,2024-12-16
1660,56,0.8301638502065088,2024-12-17
1661,56,0.9789911844828908,2024-12-18
1662,56,0.8295704808620163,2024-12-19
1663,56,0.991149183070996,2024-12-20
1664,56,0.7339819518580413,2024-12-21
1665,56,0.8676069824159589,2024-12-22
1666,56,0.7233229575044147,2024-12-23
1667,56,0.7753290670696398,2024-12-24
1668,56,0.7829538483889547,2024-12-25
1669,56,0.6700606326410478,2024-12-26
1670,56,0.6402423764907632,2024-12-27
1671,56,0.6773226756755649,2024-12-28
1672,56,0.7874801249096296,2024-12-29
1673,56,0.7408364844823412,2024-12-30
1674,56,0.75630021064933,2024-12-31
1675,56,0.8058031387157298,2025-01-01
1676,56,0.8582829489209172,2025-01-02
1677,56,0.8765354489333387,2025-01-03
1678,56,0.7514917657617086,2025-01-04
1679,56,0.7440595306726159,2025-01-05
1680,56,0.7175851189889679,2025-01-06
1681,57,0.7302834398862832,2024-12-08
1682,57,0.8864728648659499,2024-12-09
1683,57,0.9232076674702053,2024-12-10
1684,57,0.9119138868939787,2024-12-11
1685,57,0.712533550374688,2024-12-12
1686,57,0.8645905285079125,2024-12-13
1687,57,0.6351469033765679,2024-12-14
1688,57,0.8507885994446149,2024-12-15
1689,57,0.8016522785876987,2024-12-16
1690,57,0.7198095005351329,2024-12-17
1691,57,0.6369508112220834,2024-12-18
1692,57,0.9800977422167485,2024-12-19
1693,57,0.8629370531646046,2024-12-20
1694,57,0.6276444780573968,2024-12-21
1695,57,0.9020470789619377,2024-12-22
1696,57,0.8352767345332676,2024-12-23
1697,57,0.8952038995400409,2024-12-24
1698,57,0.8448598409906157,2024-12-25
1699,57,0.7555033159528476,2024-12-26
1700,57,0.7166771914453587,2024-12-27
1701,57,0.6141969970950271,2024-12-28
1702,57,0.6439532844726832,2024-12-29
1703,57,0.9953848707645845,2024-12-30
1704,57,0.6554756002462876,2024-12-31
1705,57,0.890263472526933,2025-01-01
1706,57,0.6463877228562928,2025-01-02
1707,57,0.733878061675112,2025-01-03
1708,57,0.9214415806112191,2025-01-04
1709,57,0.8134321501164227,2025-01-05
1710,57,0.7684287720272859,2025-01-06
1711,58,0.9869872314833401,2024-12-08
1712,58,0.76480602620143,2024-12-09
1713,58,0.9714256748861555,2024-12-10
1714,58,0.8152657264167232,2024-12-11
1715,58,0.6090307833977963,2024-12-12
1716,58,0.6539656008171909,2024-12-13
1717,58,0.8987960576674123,2024-12-14
1718,58,0.7975188638569293,2024-12-15
1719,58,0.6522700382215773,2024-12-16
1720,58,0.7330864190681622,2024-12-17
1721,58,0.7529490502851277,2024-12-18
1722,58,0.6941072272067624,2024-12-19
1723,58,0.8460407317277346,2024-12-20
1724,58,0.8699530383246019,2024-12-21
1725,58,0.6599423786177201,2024-12-22
1726,58,0.9411277178705575,2024-12-23
1727,58,0.621503147986074,2024-12-24
1728,58,0.8258190045454744,2024-12-25
1729,58,0.8943024536819753,2024-12-26
1730,58,0.8563625819463732,2024-12-27
1731,58,0.9986984072409123,2024-12-28
1732,58,0.6236499091563631,2024-12-29
1733,58,0.7834738894214198,2024-12-30
1734,58,0.849886003577422,2024-12-31
1735,58,0.7512896311423365,2025-01-01
1736,58,0.6155884850829935,2025-01-02
1737,58,0.6140401193880971,2025-01-03
1738,58,0.9295704596195002,2025-01-04
1739,58,0.7508971090498217,2025-01-05
1740,58,0.7721047810941806,2025-01-06
1741,59,0.7197565622924084,2024-12-08
1742,59,0.9029203202038305,2024-12-09
1743,59,0.6914265018399252,2024-12-10
1744,59,0.8788543508662909,2024-12-11
1745,59,0.7498228767784748,2024-12-12
1746,59,0.7769085413076481,2024-12-13
1747,59,0.702888912160748,2024-12-14
1748,59,0.690047581274581,2024-12-15
1749,59,0.8552743952324995,2024-12-16
1750,59,0.6356141910194982,2024-12-17
1751,59,0.9947806193163262,2024-12-18
1752,59,0.6626690956496033,2024-12-19
1753,59,0.7066276226141931,2024-12-20
1754,59,0.7514644243422415,2024-12-21
1755,59,0.7569903889113405,2024-12-22
1756,59,0.7317075254962155,2024-12-23
1757,59,0.7510072135977556,2024-12-24
1758,59,0.8119062464313509,2024-12-25
1759,59,0.9921484908125818,2024-12-26
1760,59,0.8013729606745831,2024-12-27
1761,59,0.9450073102017362,2024-12-28
1762,59,0.7438082652716909,2024-12-29
1763,59,0.8745428238298225,2024-12-30
1764,59,0.63025563399912,2024-12-31
1765,59,0.9025355697525015,2025-01-01
1766,59,0.807845120387598,2025-01-02
1767,59,0.8454283109261946,2025-01-03
1768,59,0.6065589658183135,2025-01-04
1769,59,0.7269307512981426,2025-01-05
1770,59,0.980116202722321,2025-01-06
1771,60,0.70131257837554,2024-12-08
1772,60,0.661347407125948,2024-12-09
1773,60,0.6953297128090036,2024-12-10
1774,60,0.7777332332257457,2024-12-11
1775,60,0.7715331462912591,2024-12-12
1776,60,0.883382212318633,2024-12-13
1777,60,0.6161987376806682,2024-12-14
1778,60,0.6512913581862678,2024-12-15
1779,60,0.6165543079589457,2024-12-16
1780,60,0.7567308045498328,2024-12-17
1781,60,0.9239963066670758,2024-12-18
1782,60,0.9793233021793883,2024-12-19
1783,60,0.675171140015023,2024-12-20
1784,60,0.6167564515183579,2024-12-21
1785,60,0.7791593690248968,2024-12-22
1786,60,0.8139379683525791,2024-12-23
1787,60,0.957989532310285,2024-12-24
1788,60,0.8648260054602095,2024-12-25
1789,60,0.6797872076769425,2024-12-26
1790,60,0.8242782310006331,2024-12-27
1791,60,0.8896656352569652,2024-12-28
1792,60,0.8576538153476767,2024-12-29
1793,60,0.9453404403199356,2024-12-30
1794,60,0.6294684204318567,2024-12-31
1795,60,0.6684436687152188,2025-01-01
1796,60,0.7333894970243675,2025-01-02
1797,60,0.6032338811907542,2025-01-03
1798,60,0.9928225886498971,2025-01-04
1799,60,0.8303973956466926,2025-01-05
1800,60,0.9726736395345031,2025-01-06
1801,61,0.7242459374894825,2024-12-08
1802,61,0.8778855288156368,2024-12-09
1803,61,0.860204027824917,2024-12-10
1804,61,0.8983193783880647,2024-12-11
1805,61,0.8379270872865127,2024-12-12
1806,61,0.7294846302912528,2024-12-13
1807,61,0.968574892449537,2024-12-14
1808,61,0.682937337824958,2024-12-15
1809,61,0.959926621843388,2024-12-16
1810,61,0.6819325460186533,2024-12-17
1811,61,0.8106980062162954,2024-12-18
1812,61,0.9347513610259208,2024-12-19
1813,61,0.6985947981307368,2024-12-20
1814,61,0.9533242036115065,2024-12-21
1815,61,0.7216661055656513,2024-12-22
1816,61,0.999840328351688,2024-12-23
1817,61,0.626879307034434,2024-12-24
1818,61,0.8881280503116236,2024-12-25
1819,61,0.7067035921955643,2024-12-26
1820,61,0.6376783901349118,2024-12-27
1821,61,0.9634117421022503,2024-12-28
1822,61,0.75364495962405,2024-12-29
1823,61,0.6819207230498177,2024-12-30
1824,61,0.905907812382925,2024-12-31
1825,61,0.9823302043063414,2025-01-01
1826,61,0.9845784945524866,2025-01-02
1827,61,0.9260778193752559,2025-01-03
1828,61,0.8567960703438118,2025-01-04
1829,61,0.7797793104352702,2025-01-05
1830,61,0.7202252740803363,2025-01-06
1831,62,0.9758124371410282,2024-12-08
1832,62,0.6374774256801479,2024-12-09
1833,62,0.8459368907199603,2024-12-10
1834,62,0.6352057400603607,2024-12-11
1835,62,0.6263733281641441,2024-12-12
1836,62,0.9306087712998367,2024-12-13
1837,62,0.9528671409348821,2024-12-14
1838,62,0.6880646639398028,2024-12-15
1839,62,0.7888130652146608,2024-12-16
1840,62,0.7562990191322817,2024-12-17
1841,62,0.6776348423238416,2024-12-18
1842,62,0.6988719178428201,2024-12-19
1843,62,0.6963316125427722,2024-12-20
1844,62,0.72524809259061,2024-12-21
1845,62,0.713019539258153,2024-12-22
1846,62,0.7732167449932845,2024-12-23
1847,62,0.9127078242557387,2024-12-24
1848,62,0.9606433407912004,2024-12-25
1849,62,0.625537066330353,2024-12-26
1850,62,0.833922895186424,2024-12-27
1851,62,0.7212925989081159,2024-12-28
1852,62,0.8778574640820345,2024-12-29
1853,62,0.9191369783307449,2024-12-30
1854,62,0.7682515654356189,2024-12-31
1855,62,0.7521993147680401,2025-01-01
1856,62,0.8124997273702714,2025-01-02
1857,62,0.9893576394602346,2025-01-03
1858,62,0.9923914366680204,2025-01-04
1859,62,0.8925576775771116,2025-01-05
1860,62,0.6423990276876764,2025-01-06
1861,63,0.7745690533475422,2024-12-08
1862,63,0.7443236059338731,2024-12-09
1863,63,0.6694802746476426,2024-12-10
1864,63,0.6232987323947748,2024-12-11
1865,63,0.6197152571360043,2024-12-12
1866,63,0.8539815239978128,2024-12-13
1867,63,0.7701647893283996,2024-12-14
1868,63,0.8140521139707693,2024-12-15
1869,63,0.6623262649280413,2024-12-16
1870,63,0.7732352877730516,2024-12-17
1871,63,0.8772014841661142,2024-12-18
1872,63,0.8304733574876559,2024-12-19
1873,63,0.7165818523794176,2024-12-20
1874,63,0.6166899981847812,2024-12-21
1875,63,0.7047239932426371,2024-12-22
1876,63,0.6730156305690644,2024-12-23
1877,63,0.882418828142153,2024-12-24
1878,63,0.8370227850154817,2024-12-25
1879,63,0.7697827531503568,2024-12-26
1880,63,0.8297312518648559,2024-12-27
1881,63,0.8293471998064363,2024-12-28
1882,63,0.9175561332528853,2024-12-29
1883,63,0.639924844300201,2024-12-30
1884,63,0.9071863029171352,2024-12-31
1885,63,0.7302880359779689,2025-01-01
1886,63,0.6322616134248916,2025-01-02
1887,63,0.7147785548987403,2025-01-03
1888,63,0.7577330094971673,2025-01-04
1889,63,0.6410922698476577,2025-01-05
1890,63,0.8760511187987468,2025-01-06
1891,64,0.7289554472547347,2024-12-08
1892,64,0.6353071042807955,2024-12-09
1893,64,0.7726160537146025,2024-12-10
1894,64,0.7158016247693116,2024-12-11
1895,64,0.6466605229541456,2024-12-12
1896,64,0.6007547616079736,2024-12-13
1897,64,0.9107097809279298,2024-12-14
1898,64,0.9245878162010992,2024-12-15
1899,64,0.8242663784065369,2024-12-16
1900,64,0.6720885732366327,2024-12-17
1901,64,0.6238574085623113,2024-12-18
1902,64,0.6730924946242068,2024-12-19
1903,64,0.7983277628229951,2024-12-20
1904,64,0.9066550226933849,2024-12-21
1905,64,0.7949274161378529,2024-12-22
1906,64,0.6887237706125797,2024-12-23
1907,64,0.8736109454501839,2024-12-24
1908,64,0.7276282804470655,2024-12-25
1909,64,0.7690418610162639,2024-12-26
1910,64,0.8075302672386451,2024-12-27
1911,64,0.6982009819696989,2024-12-28
1912,64,0.9866000846989497,2024-12-29
1913,64,0.9423613498493862,2024-12-30
1914,64,0.8682488919753839,2024-12-31
1915,64,0.8349504268779303,2025-01-01
1916,64,0.711933226324843,2025-01-02
1917,64,0.9920649707437499,2025-01-03
1918,64,0.9421468383990199,2025-01-04
1919,64,0.9561495911842463,2025-01-05
1920,64,0.9613206986333662,2025-01-06
1921,65,0.6989704046706837,2024-12-08
1922,65,0.9761241117981508,2024-12-09
1923,65,0.8384399246428825,2024-12-10
1924,65,0.7150744548723533,2024-12-11
1925,65,0.880283919169059,2024-12-12
1926,65,0.6877162258694631,2024-12-13
1927,65,0.8968365648979794,2024-12-14
1928,65,0.8240505235882117,2024-12-15
1929,65,0.6669077569043894,2024-12-16
1930,65,0.948824697857164,2024-12-17
1931,65,0.6048391061160149,2024-12-18
1932,65,0.6704640890541849,2024-12-19
1933,65,0.7519163021943,2024-12-20
1934,65,0.6630607537798173,2024-12-21
1935,65,0.7696806310902151,2024-12-22
1936,65,0.6843879480987559,2024-12-23
1937,65,0.8860713268897287,2024-12-24
1938,65,0.6043413294468145,2024-12-25
1939,65,0.6709567918876174,2024-12-26
1940,65,0.6115930914418313,2024-12-27
1941,65,0.7844098468575457,2024-12-28
1942,65,0.7794936104174462,2024-12-29
1943,65,0.7820328037776769,2024-12-30
1944,65,0.606093894365328,2024-12-31
1945,65,0.6009528130220099,2025-01-01
1946,65,0.9672753151905775,2025-01-02
1947,65,0.8579344125437567,2025-01-03
1948,65,0.6476895617395008,2025-01-04
1949,65,0.7867871248702399,2025-01-05
1950,65,0.8824117912343334,2025-01-06
1951,66,0.8131510843870783,2024-12-08
1952,66,0.8816996032010309,2024-12-09
1953,66,0.8840870805474025,2024-12-10
1954,66,0.6253726242422847,2024-12-11
1955,66,0.6714155558789896,2024-12-12
1956,66,0.9369846786712344,2024-12-13
1957,66,0.7897263034274203,2024-12-14
1958,66,0.8401945113657777,2024-12-15
1959,66,0.6155977734611987,2024-12-16
1960,66,0.9821032393610664,2024-12-17
1961,66,0.7282112873132782,2024-12-18
1962,66,0.6316740890705222,2024-12-19
1963,66,0.6638862362477058,2024-12-20
1964,66,0.81483378721554,2024-12-21
1965,66,0.7977572056028404,2024-12-22
1966,66,0.9162437765456284,2024-12-23
1967,66,0.6131203190728254,2024-12-24
1968,66,0.8849232903583746,2024-12-25
1969,66,0.9431179979956132,2024-12-26
1970,66,0.8436205297511847,2024-12-27
1971,66,0.6043084847426684,2024-12-28
1972,66,0.7648624198048976,2024-12-29
1973,66,0.9335334499561926,2024-12-30
1974,66,0.6621370724592188,2024-12-31
1975,66,0.775021142671745,2025-01-01
1976,66,0.6955782867073897,2025-01-02
1977,66,0.9010985917168238,2025-01-03
1978,66,0.664591566182222,2025-01-04
1979,66,0.8144113805272908,2025-01-05
1980,66,0.7143463053866259,2025-01-06
1981,67,0.6887075509332213,2024-12-08
1982,67,0.993740277712841,2024-12-09
1983,67,0.921065543309247,2024-12-10
1984,67,0.6245491657652437,2024-12-11
1985,67,0.6224805666941974,2024-12-12
1986,67,0.7094164719365149,2024-12-13
1987,67,0.7886948502391709,2024-12-14
1988,67,0.8542941719818937,2024-12-15
1989,67,0.9638128326485023,2024-12-16
1990,67,0.8970820873778669,2024-12-17
1991,67,0.8682512453249087,2024-12-18
1992,67,0.8785744077883783,2024-12-19
1993,67,0.9723621183609388,2024-12-20
1994,67,0.6990065868657171,2024-12-21
1995,67,0.6028985951044121,2024-12-22
1996,67,0.9001355938310303,2024-12-23
1997,67,0.9565854234686372,2024-12-24
1998,67,0.7722756068900606,2024-12-25
1999,67,0.8700672325678211,2024-12-26
2000,67,0.7938501093936791,2024-12-27
2001,67,0.6111297369403083,2024-12-28
2002,67,0.7450549814032276,2024-12-29
2003,67,0.8979187699328262,2024-12-30
2004,67,0.7098521021696824,2024-12-31
2005,67,0.739329234878227,2025-01-01
2006,67,0.9341971461803285,2025-01-02
2007,67,0.8975659085315575,2025-01-03
2008,67,0.9260431482127525,2025-01-04
2009,67,0.764190335017774,2025-01-05
2010,67,0.8323143974675673,2025-01-06
2011,68,0.9872991398572137,2024-12-08
2012,68,0.7755874659298129,2024-12-09
2013,68,0.7274899935088259,2024-12-10
2014,68,0.671579375530054,2024-12-11
2015,68,0.6521312874426196,2024-12-12
2016,68,0.7633187836386375,2024-12-13
2017,68,0.7612499182811787,2024-12-14
2018,68,0.7995804027156146,2024-12-15
2019,68,0.9542643944148426,2024-12-16
2020,68,0.8519586234857883,2024-12-17
2021,68,0.9547923586820567,2024-12-18
2022,68,0.600775409366363,2024-12-19
2023,68,0.7891932795398948,2024-12-20
2024,68,0.6252869396175837,2024-12-21
2025,68,0.8346677626340965,2024-12-22
2026,68,0.7571477680352418,2024-12-23
2027,68,0.9179973759697787,2024-12-24
2028,68,0.6229267165615228,2024-12-25
2029,68,0.8208000724572662,2024-12-26
2030,68,0.8375314722952035,2024-12-27
2031,68,0.648091643412262,2024-12-28
2032,68,0.9998914745068201,2024-12-29
2033,68,0.9269447846037405,2024-12-30
2034,68,0.648424114540816,2024-12-31
2035,68,0.6870122878223035,2025-01-01
2036,68,0.7906962406019703,2025-01-02
2037,68,0.7476685491449914,2025-01-03
2038,68,0.9985277029492543,2025-01-04
2039,68,0.7346977565591275,2025-01-05
2040,68,0.9801065339738922,2025-01-06
2041,69,0.9418415454691585,2024-12-08
2042,69,0.6956553965055068,2024-12-09
2043,69,0.8831150539800882,2024-12-10
2044,69,0.7796995016848964,2024-12-11
2045,69,0.8480185744057114,2024-12-12
2046,69,0.9577968738093054,2024-12-13
2047,69,0.9516974935750651,2024-12-14
2048,69,0.7813899003782925,2024-12-15
2049,69,0.6987069380201986,2024-12-16
2050,69,0.6951981458786435,2024-12-17
2051,69,0.6573348131929705,2024-12-18
2052,69,0.8731063686642224,2024-12-19
2053,69,0.724947858523866,2024-12-20
2054,69,0.7498848152624027,2024-12-21
2055,69,0.927055326585608,2024-12-22
2056,69,0.6117284017021404,2024-12-23
2057,69,0.6598780158700709,2024-12-24
2058,69,0.6830512675529259,2024-12-25
2059,69,0.7473233550360161,2024-12-26
2060,69,0.8822746598924445,2024-12-27
2061,69,0.9197723245056244,2024-12-28
2062,69,0.813885875998146,2024-12-29
2063,69,0.9697587570837143,2024-12-30
2064,69,0.9714392850673929,2024-12-31
2065,69,0.6860105833802829,2025-01-01
2066,69,0.9933506246378392,2025-01-02
2067,69,0.7192825741231834,2025-01-03
2068,69,0.8336327797109965,2025-01-04
2069,69,0.6847547660937768,2025-01-05
2070,69,0.7574619330650735,2025-01-06
2071,70,0.88890590334994,2024-12-08
2072,70,0.8559019257179787,2024-12-09
2073,70,0.7949332931488131,2024-12-10
2074,70,0.7705736418942167,2024-12-11
2075,70,0.9402911847417206,2024-12-12
2076,70,0.958709214339418,2024-12-13
2077,70,0.6290739082250437,2024-12-14
2078,70,0.9293070391252999,2024-12-15
2079,70,0.7576191018536433,2024-12-16
2080,70,0.7699989041471388,2024-12-17
2081,70,0.7830654043072619,2024-12-18
2082,70,0.6897595783426834,2024-12-19
2083,70,0.7180710843825524,2024-12-20
2084,70,0.6270852420904488,2024-12-21
2085,70,0.9798731000542462,2024-12-22
2086,70,0.8289776194647089,2024-12-23
2087,70,0.9385618947184073,2024-12-24
2088,70,0.6609037587279158,2024-12-25
2089,70,0.6319248517062112,2024-12-26
2090,70,0.724110921442671,2024-12-27
2091,70,0.6886695968740546,2024-12-28
2092,70,0.7181181474955544,2024-12-29
2093,70,0.7994850830963042,2024-12-30
2094,70,0.7834510767629794,2024-12-31
2095,70,0.604778586657626,2025-01-01
2096,70,0.9369132825475729,2025-01-02
2097,70,0.6507563071273348,2025-01-03
2098,70,0.8280695059838101,2025-01-04
2099,70,0.8019535216462463,2025-01-05
2100,70,0.8519293500643509,2025-01-06
2101,71,0.6024340008576907,2024-12-08
2102,71,0.6007741785819981,2024-12-09
2103,71,0.732191637466461,2024-12-10
2104,71,0.6978819963308419,2024-12-11
2105,71,0.6846599474601155,2024-12-12
2106,71,0.6857901519228424,2024-12-13
2107,71,0.9130865716074948,2024-12-14
2108,71,0.7388667432699787,2024-12-15
2109,71,0.7504731540425453,2024-12-16
2110,71,0.8737457414752468,2024-12-17
2111,71,0.7804236201238304,2024-12-18
2112,71,0.6068633045724124,2024-12-19
2113,71,0.8609388689819402,2024-12-20
2114,71,0.8214607635938692,2024-12-21
2115,71,0.9953471485788465,2024-12-22
2116,71,0.7519069152377564,2024-12-23
2117,71,0.9288064264394214,2024-12-24
2118,71,0.6936163314517432,2024-12-25
2119,71,0.726389013857603,2024-12-26
2120,71,0.9070394768571467,2024-12-27
2121,71,0.624040302437174,2024-12-28
2122,71,0.8036061092228702,2024-12-29
2123,71,0.7607957384364337,2024-12-30
2124,71,0.7344877906898826,2024-12-31
2125,71,0.8545048285398015,2025-01-01
2126,71,0.9561176197813601,2025-01-02
2127,71,0.7174043656317429,2025-01-03
2128,71,0.8486920965312608,2025-01-04
2129,71,0.6746773302701382,2025-01-05
2130,71,0.9820893166345316,2025-01-06
2131,72,0.6046923270317242,2024-12-08
2132,72,0.7658595972778817,2024-12-09
2133,72,0.9020038980418097,2024-12-10
2134,72,0.8588404589858012,2024-12-11
2135,72,0.9573562220137668,2024-12-12
2136,72,0.8457874129554972,2024-12-13
2137,72,0.6181524562311899,2024-12-14
2138,72,0.7548671312812438,2024-12-15
2139,72,0.9930425966188114,2024-12-16
2140,72,0.7844783934560862,2024-12-17
2141,72,0.7604709775615841,2024-12-18
2142,72,0.87048287715709,2024-12-19
2143,72,0.6751691981437566,2024-12-20
2144,72,0.6489199794367039,2024-12-21
2145,72,0.9194503132685692,2024-12-22
2146,72,0.6831338071907023,2024-12-23
2147,72,0.6989052624355248,2024-12-24
2148,72,0.9080178430665397,2024-12-25
2149,72,0.7231317474350597,2024-12-26
2150,72,0.9280524880830094,2024-12-27
2151,72,0.7178644045157473,2024-12-28
2152,72,0.8470196754814341,2024-12-29
2153,72,0.8411086680290627,2024-12-30
2154,72,0.6144731176297769,2024-12-31
2155,72,0.8439272714220369,2025-01-01
2156,72,0.7678821092037996,2025-01-02
2157,72,0.838363575474365,2025-01-03
2158,72,0.747062190981542,2025-01-04
2159,72,0.859056026023383,2025-01-05
2160,72,0.7237284344411086,2025-01-06
2161,73,0.772714389595458,2024-12-08
2162,73,0.6224533350472485,2024-12-09
2163,73,0.7775677609092301,2024-12-10
2164,73,0.7840866617063098,2024-12-11
2165,73,0.8798702972576673,2024-12-12
2166,73,0.8021546413551861,2024-12-13
2167,73,0.8693231068696616,2024-12-14
2168,73,0.6212826993638317,2024-12-15
2169,73,0.8487550616261551,2024-12-16
2170,73,0.7068921786194886,2024-12-17
2171,73,0.6807115354569534,2024-12-18
2172,73,0.8140123181624519,2024-12-19
2173,73,0.8078509625753855,2024-12-20
2174,73,0.9357133706082581,2024-12-21
2175,73,0.9822088510979486,2024-12-22
2176,73,0.6977251361492485,2024-12-23
2177,73,0.9077123498051105,2024-12-24
2178,73,0.9874501681680207,2024-12-25
2179,73,0.8028923937347217,2024-12-26
2180,73,0.7670616206947236,2024-12-27
2181,73,0.8341178494480247,2024-12-28
2182,73,0.8914656086662693,2024-12-29
2183,73,0.8628477132868844,2024-12-30
2184,73,0.8733398402848545,2024-12-31
2185,73,0.9760106285405504,2025-01-01
2186,73,0.9578403292882425,2025-01-02
2187,73,0.6578160632177629,2025-01-03
2188,73,0.8618120221344814,2025-01-04
2189,73,0.6127369929096519,2025-01-05
2190,73,0.8925763071542965,2025-01-06
2191,74,0.7642831235529058,2024-12-08
2192,74,0.7035052900112547,2024-12-09
2193,74,0.6390536819917072,2024-12-10
2194,74,0.9553542752618734,2024-12-11
2195,74,0.9685657959750937,2024-12-12
2196,74,0.6375259398554586,2024-12-13
2197,74,0.7562753802592728,2024-12-14
2198,74,0.6043869372671197,2024-12-15
2199,74,0.6323328918368127,2024-12-16
2200,74,0.6338244117423458,2024-12-17
2201,74,0.7878436057295173,2024-12-18
2202,74,0.7725758513921213,2024-12-19
2203,74,0.7465070586929867,2024-12-20
2204,74,0.9472281640992993,2024-12-21
2205,74,0.6634544339345556,2024-12-22
2206,74,0.7579703004461023,2024-12-23
2207,74,0.768943259807623,2024-12-24
2208,74,0.6120563745133741,2024-12-25
2209,74,0.6016100196916314,2024-12-26
2210,74,0.955181192111405,2024-12-27
2211,74,0.6915035308675673,2024-12-28
2212,74,0.7925577239547077,2024-12-29
2213,74,0.6567390514628418,2024-12-30
2214,74,0.8240984045049662,2024-12-31
2215,74,0.7823888283060864,2025-01-01
2216,74,0.6522007964229388,2025-01-02
2217,74,0.8620243611020684,2025-01-03
2218,74,0.6041567001229252,2025-01-04
2219,74,0.8287982602187892,2025-01-05
2220,74,0.9123867599332011,2025-01-06
2221,75,0.6980452969829782,2024-12-08
2222,75,0.77348390487331,2024-12-09
2223,75,0.8473621821933799,2024-12-10
2224,75,0.7662297599156022,2024-12-11
2225,75,0.9125323798790781,2024-12-12
2226,75,0.6430600772597451,2024-12-13
2227,75,0.6130118289781511,2024-12-14
2228,75,0.8835037153918248,2024-12-15
2229,75,0.8609968519283042,2024-12-16
2230,75,0.9321547425795456,2024-12-17
2231,75,0.6915322397921481,2024-12-18
2232,75,0.77083702492527,2024-12-19
2233,75,0.9413923920855154,2024-12-20
2234,75,0.7200788432028281,2024-12-21
2235,75,0.7840729933547654,2024-12-22
2236,75,0.9569813882484356,2024-12-23
2237,75,0.80983139457755,2024-12-24
2238,75,0.7814079645600462,2024-12-25
2239,75,0.707246957296142,2024-12-26
2240,75,0.8331167100888237,2024-12-27
2241,75,0.8878095909478185,2024-12-28
2242,75,0.8871256401183988,2024-12-29
2243,75,0.9441646283681323,2024-12-30
2244,75,0.9642057857165145,2024-12-31
2245,75,0.9524737431693485,2025-01-01
2246,75,0.8199475518503517,2025-01-02
2247,75,0.9341498547829541,2025-01-03
2248,75,0.7377507661157169,2025-01-04
2249,75,0.6396638036059883,2025-01-05
2250,75,0.6154479702072018,2025-01-06
2251,76,0.6402664820809342,2024-12-08
2252,76,0.7672807483656346,2024-12-09
2253,76,0.6129533566982424,2024-12-10
2254,76,0.6469834283612772,2024-12-11
2255,76,0.6047278161730514,2024-12-12
2256,76,0.8761281001547616,2024-12-13
2257,76,0.9252464479833343,2024-12-14
2258,76,0.6824325371604976,2024-12-15
2259,76,0.8309655062314467,2024-12-16
2260,76,0.908461097745055,2024-12-17
2261,76,0.6480703556280598,2024-12-18
2262,76,0.6346378152316035,2024-12-19
2263,76,0.7604444304298708,2024-12-20
2264,76,0.9976396290229116,2024-12-21
2265,76,0.7912944911272611,2024-12-22
2266,76,0.6840544461522703,2024-12-23
2267,76,0.8586260376234605,2024-12-24
2268,76,0.8463159175693705,2024-12-25
2269,76,0.7083786877152002,2024-12-26
2270,76,0.6987336564731923,2024-12-27
2271,76,0.632142487571609,2024-12-28
2272,76,0.9293430578282568,2024-12-29
2273,76,0.9584551148680399,2024-12-30
2274,76,0.9162100603957744,2024-12-31
2275,76,0.7369135165224914,2025-01-01
2276,76,0.6007108201096383,2025-01-02
2277,76,0.6457110738710888,2025-01-03
2278,76,0.9249737835110633,2025-01-04
2279,76,0.9717476208641596,2025-01-05
2280,76,0.8962879866593868,2025-01-06
2281,77,0.6473665927474982,2024-12-08
2282,77,0.6808989354350258,2024-12-09
2283,77,0.936278074347991,2024-12-10
2284,77,0.9239267667478507,2024-12-11
2285,77,0.7737793508879608,2024-12-12
2286,77,0.8808525034571015,2024-12-13
2287,77,0.9243506074124426,2024-12-14
2288,77,0.9807830956603656,2024-12-15
2289,77,0.8616502531837196,2024-12-16
2290,77,0.9456686124796493,2024-12-17
2291,77,0.6839188348237157,2024-12-18
2292,77,0.6439810974605276,2024-12-19
2293,77,0.7188119343101538,2024-12-20
2294,77,0.6712176212986192,2024-12-21
2295,77,0.6029197379576265,2024-12-22
2296,77,0.7472881972687893,2024-12-23
2297,77,0.6922315663966864,2024-12-24
2298,77,0.7640560537659595,2024-12-25
2299,77,0.8530087823862358,2024-12-26
2300,77,0.9502258084631053,2024-12-27
2301,77,0.8489162864111814,2024-12-28
2302,77,0.6669000342113517,2024-12-29
2303,77,0.8122532180881323,2024-12-30
2304,77,0.7303746077966915,2024-12-31
2305,77,0.9162874869972306,2025-01-01
2306,77,0.757413974250376,2025-01-02
2307,77,0.76813481219287,2025-01-03
2308,77,0.6667371466720723,2025-01-04
2309,77,0.6423554966753532,2025-01-05
2310,77,0.6360179541285584,2025-01-06
2311,78,0.7635149053020495,2024-12-08
2312,78,0.6154836747033648,2024-12-09
2313,78,0.8485159211782192,2024-12-10
2314,78,0.6978925168640358,2024-12-11
2315,78,0.7415391449044398,2024-12-12
2316,78,0.9218789583394843,2024-12-13
2317,78,0.8933471969190401,2024-12-14
2318,78,0.7657725017303572,2024-12-15
2319,78,0.889368839332651,2024-12-16
2320,78,0.8724612763249824,2024-12-17
2321,78,0.8897712202152293,2024-12-18
2322,78,0.7558251844392445,2024-12-19
2323,78,0.6015508797792535,2024-12-20
2324,78,0.7661652202634812,2024-12-21
2325,78,0.6689910465883026,2024-12-22
2326,78,0.903343920305752,2024-12-23
2327,78,0.9880185240940996,2024-12-24
2328,78,0.8472196410668968,2024-12-25
2329,78,0.869463060953781,2024-12-26
2330,78,0.7601134651307099,2024-12-27
2331,78,0.7998315699612861,2024-12-28
2332,78,0.9626269661081828,2024-12-29
2333,78,0.8160344714765844,2024-12-30
2334,78,0.9638688775388998,2024-12-31
2335,78,0.8406307329221001,2025-01-01
2336,78,0.9399046003567785,2025-01-02
2337,78,0.9194010420081399,2025-01-03
2338,78,0.8779333348199845,2025-01-04
2339,78,0.6288394081871679,2025-01-05
2340,78,0.8071107124492362,2025-01-06
2341,79,0.9625896866000074,2024-12-08
2342,79,0.9628470637419573,2024-12-09
2343,79,0.8235608066501017,2024-12-10
2344,79,0.9089412936216388,2024-12-11
2345,79,0.8959338495439226,2024-12-12
2346,79,0.6594048022141713,2024-12-13
2347,79,0.6043914467605124,2024-12-14
2348,79,0.7912289352689142,2024-12-15
2349,79,0.9975276985572527,2024-12-16
2350,79,0.8414083605042645,2024-12-17
2351,79,0.9477867199407531,2024-12-18
2352,79,0.753460129313091,2024-12-19
2353,79,0.9183258401894155,2024-12-20
2354,79,0.6870839648986227,2024-12-21
2355,79,0.6542458822401899,2024-12-22
2356,79,0.8227986124185992,2024-12-23
2357,79,0.7994161135426325,2024-12-24
2358,79,0.6018663427881922,2024-12-25
2359,79,0.6687882220565305,2024-12-26
2360,79,0.6295186726325976,2024-12-27
2361,79,0.657473427378032,2024-12-28
2362,79,0.7691981081646805,2024-12-29
2363,79,0.6610512131132117,2024-12-30
2364,79,0.9780418742449009,2024-12-31
2365,79,0.6212134927542583,2025-01-01
2366,79,0.6502542512518708,2025-01-02
2367,79,0.9085477716022989,2025-01-03
2368,79,0.9126544832047288,2025-01-04
2369,79,0.9842162583467909,2025-01-05
2370,79,0.7602770997131257,2025-01-06
2371,80,0.8914298462579766,2024-12-08
2372,80,0.6176919651849524,2024-12-09
2373,80,0.9841757358797296,2024-12-10
2374,80,0.9540479395680066,2024-12-11
2375,80,0.7233073190179728,2024-12-12
2376,80,0.622193599057893,2024-12-13
2377,80,0.6253927332449266,2024-12-14
2378,80,0.7169313223769413,2024-12-15
2379,80,0.6507729343661423,2024-12-16
2380,80,0.7533387798393731,2024-12-17
2381,80,0.6086075113704912,2024-12-18
2382,80,0.8597361536579045,2024-12-19
2383,80,0.6902278359718327,2024-12-20
2384,80,0.6956108526853979,2024-12-21
2385,80,0.6327442430400086,2024-12-22
2386,80,0.6572573906033891,2024-12-23
2387,80,0.9100625098316207,2024-12-24
2388,80,0.7334751144370693,2024-12-25
2389,80,0.9190919847588421,2024-12-26
2390,80,0.6587194429377005,2024-12-27
2391,80,0.7418508016806342,2024-12-28
2392,80,0.6536313344943573,2024-12-29
2393,80,0.8960651632640317,2024-12-30
2394,80,0.9842497711897966,2024-12-31
2395,80,0.6187823251733168,2025-01-01
2396,80,0.7528625284238839,2025-01-02
2397,80,0.7606509298783716,2025-01-03
2398,80,0.9862981197220133,2025-01-04
2399,80,0.9273552655347979,2025-01-05
2400,80,0.9932879291709893,2025-01-06
2401,81,0.6906529346817258,2024-12-08
2402,81,0.9653076694762661,2024-12-09
2403,81,0.6737247407840893,2024-12-10
2404,81,0.610341509495937,2024-12-11
2405,81,0.8533064585873238,2024-12-12
2406,81,0.7019607766071876,2024-12-13
2407,81,0.8900037415441753,2024-12-14
2408,81,0.9673423964098001,2024-12-15
2409,81,0.9713578369177143,2024-12-16
2410,81,0.8920183345378984,2024-12-17
2411,81,0.820842941272202,2024-12-18
2412,81,0.7502757330050521,2024-12-19
2413,81,0.7834109723878704,2024-12-20
2414,81,0.8347977926115553,2024-12-21
2415,81,0.8761720326103559,2024-12-22
2416,81,0.9892519810145137,2024-12-23
2417,81,0.8695093691299355,2024-12-24
2418,81,0.9946711958752582,2024-12-25
2419,81,0.756761215815358,2024-12-26
2420,81,0.9572992249966321,2024-12-27
2421,81,0.6193619452606202,2024-12-28
2422,81,0.6486073815178895,2024-12-29
2423,81,0.7228165357464927,2024-12-30
2424,81,0.6773604057113679,2024-12-31
2425,81,0.7086338357837313,2025-01-01
2426,81,0.7889741587782302,2025-01-02
2427,81,0.6997334220428093,2025-01-03
2428,81,0.9294013012189022,2025-01-04
2429,81,0.8624992074943916,2025-01-05
2430,81,0.9467333198585259,2025-01-06
2431,82,0.9197017320929326,2024-12-08
2432,82,0.7790421672272829,2024-12-09
2433,82,0.9226609361885311,2024-12-10
2434,82,0.7502021058553364,2024-12-11
2435,82,0.946529323339625,2024-12-12
2436,82,0.8101633260092288,2024-12-13
2437,82,0.8671850946290554,2024-12-14
2438,82,0.7243659178713221,2024-12-15
2439,82,0.8517700499599503,2024-12-16
2440,82,0.8127955327907309,2024-12-17
2441,82,0.7075141353144204,2024-12-18
2442,82,0.6054509763016818,2024-12-19
2443,82,0.6910174954235129,2024-12-20
2444,82,0.7107936975702005,2024-12-21
2445,82,0.7117809903360666,2024-12-22
2446,82,0.7617848239554856,2024-12-23
2447,82,0.6167252685252181,2024-12-24
2448,82,0.6206123380409229,2024-12-25
2449,82,0.6916728981418065,2024-12-26
2450,82,0.7794736226685786,2024-12-27
2451,82,0.6178789369865226,2024-12-28
2452,82,0.7814903806900808,2024-12-29
2453,82,0.9931353992602903,2024-12-30
2454,82,0.8591607124473666,2024-12-31
2455,82,0.9419315620453479,2025-01-01
2456,82,0.6256506955806385,2025-01-02
2457,82,0.8283783940455192,2025-01-03
2458,82,0.7018444955881298,2025-01-04
2459,82,0.9287949704446818,2025-01-05
2460,82,0.6155730152188953,2025-01-06
2461,83,0.9910939032702002,2024-12-08
2462,83,0.8100514812480033,2024-12-09
2463,83,0.8197557375574728,2024-12-10
2464,83,0.8445325599269885,2024-12-11
2465,83,0.640371047445663,2024-12-12
2466,83,0.8675758415928493,2024-12-13
2467,83,0.8426050370026634,2024-12-14
2468,83,0.9205680920840753,2024-12-15
2469,83,0.8322098508980837,2024-12-16
2470,83,0.8519201127968495,2024-12-17
2471,83,0.9087769795126829,2024-12-18
2472,83,0.7867155942511167,2024-12-19
2473,83,0.6309474481321463,2024-12-20
2474,83,0.8633110750121706,2024-12-21
2475,83,0.6509900799978366,2024-12-22
2476,83,0.9501059151166072,2024-12-23
2477,83,0.643164897917569,2024-12-24
2478,83,0.7799975398712076,2024-12-25
2479,83,0.7616100194246045,2024-12-26
2480,83,0.7084667961510445,2024-12-27
2481,83,0.7306530253858058,2024-12-28
2482,83,0.8850887027684351,2024-12-29
2483,83,0.7080575051118757,2024-12-30
2484,83,0.7213988583118456,2024-12-31
2485,83,0.9246094409360982,2025-01-01
2486,83,0.7399758183549779,2025-01-02
2487,83,0.8544357490871937,2025-01-03
2488,83,0.7842284721355034,2025-01-04
2489,83,0.8456192644923457,2025-01-05
2490,83,0.942280401472972,2025-01-06
2491,84,0.6979264268648502,2024-12-08
2492,84,0.8267453869989257,2024-12-09
2493,84,0.7759412346770058,2024-12-10
2494,84,0.9086407814367388,2024-12-11
2495,84,0.7190895535847062,2024-12-12
2496,84,0.7824555758601403,2024-12-13
2497,84,0.7935409891568883,2024-12-14
2498,84,0.6421618867735505,2024-12-15
2499,84,0.7221072354005821,2024-12-16
2500,84,0.64125677944645,2024-12-17
2501,84,0.9727381355102185,2024-12-18
2502,84,0.8350781067756682,2024-12-19
2503,84,0.8108108722628583,2024-12-20
2504,84,0.8425319226307117,2024-12-21
2505,84,0.7060044857627659,2024-12-22
2506,84,0.8232037043593429,2024-12-23
2507,84,0.936017452849562,2024-12-24
2508,84,0.8638396345550681,2024-12-25
2509,84,0.6802917518003726,2024-12-26
2510,84,0.63505213524768,2024-12-27
2511,84,0.9692860210146115,2024-12-28
2512,84,0.9350300907499232,2024-12-29
2513,84,0.6851770397051693,2024-12-30
2514,84,0.73699930394219,2024-12-31
2515,84,0.6237682451378148,2025-01-01
2516,84,0.7533290290210011,2025-01-02
2517,84,0.6380594008169233,2025-01-03
2518,84,0.9572158370587006,2025-01-04
2519,84,0.9745916974588505,2025-01-05
2520,84,0.6880924858070991,2025-01-06
2521,85,0.9885009166574172,2024-12-08
2522,85,0.7846683983122746,2024-12-09
2523,85,0.6237308150813591,2024-12-10
2524,85,0.7990932503734846,2024-12-11
2525,85,0.6298170052505784,2024-12-12
2526,85,0.7632259372050969,2024-12-13
2527,85,0.9028957683592436,2024-12-14
2528,85,0.8397481232026556,2024-12-15
2529,85,0.7402583998190825,2024-12-16
2530,85,0.655961591193076,2024-12-17
2531,85,0.9997345282473479,2024-12-18
2532,85,0.8079419255740535,2024-12-19
2533,85,0.8845015381552364,2024-12-20
2534,85,0.9173745068917396,2024-12-21
2535,85,0.9753195098204658,2024-12-22
2536,85,0.8165207741741813,2024-12-23
2537,85,0.7326404589980982,2024-12-24
2538,85,0.8137308143542643,2024-12-25
2539,85,0.7021681277726208,2024-12-26
2540,85,0.8079173071705845,2024-12-27
2541,85,0.9285976633931523,2024-12-28
2542,85,0.6495514189898935,2024-12-29
2543,85,0.8950693440603188,2024-12-30
2544,85,0.7177001360526941,2024-12-31
2545,85,0.7408513471713348,2025-01-01
2546,85,0.6415772873259716,2025-01-02
2547,85,0.8284518320935262,2025-01-03
2548,85,0.6733417245648164,2025-01-04
2549,85,0.9019749985723586,2025-01-05
2550,85,0.741414509020281,2025-01-06
